"Allocation","Num","mean","std","rrr","sharpe1","sharpe2","sharpe3","sharpe4","type"
"Large_Cap: 0%,  Fixed: 100%",0,0.00424989652985963,0.0147525155698295,0.288079447179241,0.270402188305485,0.272008584905544,0.2678799827123,0.26924274930902,"Monthly"
"Large_Cap: 1%,  Fixed: 99%",1,0.00430234823199593,0.0146895738757028,0.292884481769223,0.275120786149785,0.276734251805473,0.272339365066768,0.273705973630352,"Monthly"
"Large_Cap: 2%,  Fixed: 98%",2,0.00435451227448413,0.0146461865514267,0.29731372457904,0.279486625421911,0.281105058302619,0.276447302789661,0.277816688633403,"Monthly"
"Large_Cap: 3%,  Fixed: 97%",3,0.00440638875912658,0.0146225276606492,0.301342480683736,0.283475683127997,0.285096923467627,0.280182894125348,0.281553974527352,"Monthly"
"Large_Cap: 4%,  Fixed: 96%",4,0.00445797778220758,0.0146186929891664,0.304950503133986,0.287068105150362,0.288689960704596,0.283529395848682,0.284901074312933,"Monthly"
"Large_Cap: 5%,  Fixed: 95%",5,0.00450927943453139,0.0146346981203697,0.308122476968284,0.290248677738469,0.291868950315465,0.286474590955458,0.287845761736229,"Monthly"
"Large_Cap: 6%,  Fixed: 94%",6,0.00456029380146061,0.0146704781201907,0.310848342098978,0.293007147583761,0.294623659764632,0.28901100902942,0.290380562047945,"Monthly"
"Large_Cap: 7%,  Fixed: 93%",7,0.00461102096295263,0.0147258888462948,0.313123439344227,0.295338374917854,0.296948996070679,0.291135990162588,0.292502816413722,"Monthly"
"Large_Cap: 8%,  Fixed: 92%",8,0.0046614609935951,0.0148007098204668,0.314948475454137,0.297242315006229,0.298844985743804,0.292851593305864,0.294214590799996,"Monthly"
"Large_Cap: 9%,  Fixed: 91%",9,0.00471161396263975,0.0148946485323988,0.316329314679098,0.298723834517018,0.300316588848428,0.294164359550681,0.295522439769433,"Monthly"
"Large_Cap: 10%,  Fixed: 90%",10,0.00476147993403608,0.0150073459830682,0.317276615026278,0.299792379363241,0.301373363931597,0.295084949135217,0.29643704390783,"Monthly"
"Large_Cap: 11%,  Fixed: 89%",11,0.00481105896646294,0.0151383832308846,0.317805335819987,0.300461518761407,0.302029008731985,0.295627677193343,0.296972745835655,"Monthly"
"Large_Cap: 12%,  Fixed: 88%",12,0.00486035111336047,0.0152872886763003,0.317934148839317,0.300748395757617,0.302300807104792,0.295809977000135,0.29714701350762,"Monthly"
"Large_Cap: 13%,  Fixed: 87%",13,0.00490935642295942,0.0154535458111641,0.317684787876499,0.300673117066625,0.302209015189516,0.295651820631137,0.296979860688103,"Monthly"
"Large_Cap: 14%,  Fixed: 86%",14,0.0049580749383098,0.0156366011665179,0.317081371169481,0.300258114852196,0.301776219614217,0.295175125766214,0.296493253327674,"Monthly"
"Large_Cap: 15%,  Fixed: 85%",15,0.00500650669730973,0.0158358722141076,0.316149728263759,0.299527510465194,0.301026697890993,0.294403174288103,0.295710527507136,"Monthly"
"Large_Cap: 16%,  Fixed: 84%",16,0.00505465173273234,0.0160507550090373,0.314916758114266,0.298506505765807,0.299985806735494,0.293360063932332,0.29465584024146,"Monthly"
"Large_Cap: 17%,  Fixed: 83%",17,0.00510251007225104,0.0162806313998113,0.3134098393942,0.297220822192511,0.298679418544297,0.292070209155494,0.293353669358737,"Monthly"
"Large_Cap: 18%,  Fixed: 82%",18,0.00515008173846487,0.0165248756736837,0.311656307748597,0.295696201877894,0.297133420368376,0.290557902161463,0.291828373448835,"Monthly"
"Large_Cap: 19%,  Fixed: 81%",19,0.0051973667489229,0.0167828605464825,0.309683008717618,0.293957979424887,0.295373284004767,0.288846940113386,0.290103817965309,"Monthly"
"Large_Cap: 20%,  Fixed: 80%",20,0.00524436511614712,0.0170539624443251,0.307515929700681,0.292030727870946,0.29342371071814,0.286960320279949,0.28820306928029,"Monthly"
"Large_Cap: 21%,  Fixed: 79%",21,0.00529107684765462,0.0173375660581298,0.305179909908609,0.28993797814426,0.291308349863016,0.284920001396069,0.286148155016372,"Monthly"
"Large_Cap: 22%,  Fixed: 78%",22,0.00533750194597871,0.0176330681795703,0.302698423871731,0.287702008072578,0.289049587421179,0.282746726922927,0.283959886373828,"Monthly"
"Large_Cap: 23%,  Fixed: 77%",23,0.00538364040868977,0.017939880848783,0.300093431727278,0.285343694735839,0.286668398193436,0.280459904136152,0.281657736405508,"Monthly"
"Large_Cap: 24%,  Fixed: 76%",24,0.00542949222841416,0.0182574338599235,0.297385288100773,0.282882422571427,0.284184253999801,0.278077531960703,0.279259767170861,"Monthly"
"Large_Cap: 25%,  Fixed: 75%",25,0.0054750573928537,0.0185851766811141,0.294592700774126,0.280336039005655,0.281615079608869,0.275616170076335,0.276782598297559,"Monthly"
"Large_Cap: 26%,  Fixed: 74%",26,0.00552033588480194,0.0189225798511928,0.291732730326091,0.277720849338844,0.27897724807431,0.273090941899456,0.274241409553528,"Monthly"
"Large_Cap: 27%,  Fixed: 73%",27,0.005565327682163,0.0192691359178117,0.288820822371106,0.275051642993709,0.276285607544253,0.270515564468824,0.271649970448513,"Monthly"
"Large_Cap: 28%,  Fixed: 72%",28,0.00561003275796534,0.0196243599806779,0.285870864756302,0.27234174390543,0.273553532283897,0.267902398905343,0.269020690523158,"Monthly"
"Large_Cap: 29%,  Fixed: 71%",29,0.0056544510803791,0.0199877899008659,0.282895262979233,0.269603078664811,0.270792991491459,0.265262515879942,0.266364684745587,"Monthly"
"Large_Cap: 30%,  Fixed: 70%",30,0.00569858261272871,0.0203589862328377,0.279905028057697,0.266846256929354,0.268014630396578,0.262605771332188,0.263691849242658,"Monthly"
"Large_Cap: 31%,  Fixed: 69%",31,0.0057424273135076,0.0207375319306418,0.276909872048109,0.264080659520303,0.265227859039277,0.259940888479437,0.261010943390468,"Monthly"
"Large_Cap: 32%,  Fixed: 68%",32,0.00578598513639017,0.0211230318741818,0.273918307317533,0.261314530478389,0.262440944987362,0.257275542903845,0.258329675037108,"Monthly"
"Large_Cap: 33%,  Fixed: 67%",33,0.00582925603024376,0.0215151122557797,0.270937746498525,0.258555070128191,0.259661107031378,0.254616448180231,0.255654786307425,"Monthly"
"Large_Cap: 34%,  Fixed: 66%",34,0.00587223993914043,0.0219134198617583,0.267974600778231,0.255808526884817,0.256894607583429,0.251969440100079,0.252992138033215,"Monthly"
"Large_Cap: 35%,  Fixed: 65%",35,0.0059149368023661,0.022317621278586,0.265034374789823,0.253080286121397,0.2541468420943,0.249339558052069,0.2503467913595,"Monthly"
"Large_Cap: 36%,  Fixed: 64%",36,0.00595734655443092,0.0227274020483839,0.262121756888379,0.250374954905295,0.251422424294218,0.246731122541791,0.247723085500682,"Monthly"
"Large_Cap: 37%,  Fixed: 63%",37,0.00599946912507754,0.0231424657943178,0.259240704011351,0.247696441809451,0.248725266463638,0.244147808176748,0.245124710966169,"Monthly"
"Large_Cap: 38%,  Fixed: 62%",38,0.0060413044392893,0.0235625333326289,0.256394520657226,0.245048031324962,0.246058654260666,0.241592711718434,0.242554777851419,"Monthly"
"Large_Cap: 39%,  Fixed: 61%",39,0.00608285241729689,0.0239873417847647,0.253585931775081,0.24243245264955,0.243425315881753,0.239068415017486,0.240015879006415,"Monthly"
"Large_Cap: 40%,  Fixed: 60%",40,0.00612411297458526,0.0244166437002465,0.250817149554565,0.23985194281652,0.240827485522521,0.236577042811919,0.237510148058279,"Monthly"
"Large_Cap: 41%,  Fixed: 59%",41,0.00616508602189958,0.0248502061985057,0.248089934250537,0.237308304269338,0.238266961246606,0.234120315489822,0.235039312387217,"Monthly"
"Large_Cap: 42%,  Fixed: 58%",42,0.00620577146524859,0.0252878101359036,0.245405649279122,0.234802957087085,0.235745157470706,0.231699597004518,0.232604741242264,"Monthly"
"Large_Cap: 43%,  Fixed: 57%",43,0.00624616920591015,0.0257292493024682,0.242765310891171,0.232336986134218,0.233263152342277,0.229315938189252,0.230207489243053,"Monthly"
"Large_Cap: 44%,  Fixed: 56%",44,0.00628627914043456,0.0261743296515003,0.240169632771253,0.229911183450745,0.230821730328977,0.226970115755494,0.227848335551331,"Monthly"
"Large_Cap: 45%,  Fixed: 55%",45,0.00632610116064591,0.0266228685640757,0.237619065932745,0.22752608622249,0.228421420362308,0.224662667279443,0.225527819016719,"Monthly"
"Large_Cap: 46%,  Fixed: 54%",46,0.00636563515364519,0.027074694149565,0.235113834286747,0.225182010679298,0.226062529886128,0.22239392248843,0.223246269608778,"Monthly"
"Large_Cap: 47%,  Fixed: 53%",47,0.00640488100181091,0.0275296445825718,0.232653966258092,0.222879082267187,0.223745175158513,0.220164031157276,0.221003836445894,"Monthly"
"Large_Cap: 48%,  Fixed: 52%",48,0.0064438385827994,0.0279875674761268,0.230239322809885,0.220617262430284,0.221469308145055,0.217972987915789,0.218800512722705,"Monthly"
"Large_Cap: 49%,  Fixed: 51%",49,0.00648250776954473,0.0284483192905411,0.227869622220534,0.218396372323006,0.219234740326463,0.215820654255079,0.21663615782471,"Monthly"
"Large_Cap: 50%,  Fixed: 50%",50,0.006520888430257,0.0289117647769933,0.225544461936341,0.216216113754578,0.217041163724091,0.21370677800422,0.214510516902019,"Monthly"
"Large_Cap: 51%,  Fixed: 49%",51,0.00655898042842185,0.0293777764546877,0.223263337800205,0.21407608764697,0.214888169426674,0.211631010530289,0.212423238156489,"Monthly"
"Large_Cap: 52%,  Fixed: 48%",52,0.00659678362279603,0.0298462341202506,0.221025660933221,0.211975810266201,0.212775263879415,0.209592921896158,0.210373888077076,"Monthly"
"Large_Cap: 53%,  Fixed: 47%",53,0.00663429786740566,0.0303170243879212,0.218830772522942,0.209914727465149,0.210701883175152,0.207592014191124,0.208361964839454,"Monthly"
"Large_Cap: 54%,  Fixed: 46%",54,0.0066715230115415,0.0307900402590287,0.216677956748861,0.20789222715492,0.208667405565833,0.205627733230733,0.20638691006699,"Monthly"
"Large_Cap: 55%,  Fixed: 45%",55,0.00670845889975413,0.0312651807192154,0.214566452054159,0.205907650201676,0.206671162392378,0.203699478804299,0.204448119132331,"Monthly"
"Large_Cap: 56%,  Fixed: 44%",56,0.0067451053718488,0.031742350361868,0.212495460952119,0.203960299926728,0.204712447611576,0.201806613631576,0.202544950161654,"Monthly"
"Large_Cap: 57%,  Fixed: 43%",57,0.00678146226287946,0.0322214590362349,0.210464158536499,0.202049450369682,0.20279052608071,0.199948471173958,0.20067673188763,"Monthly"
"Large_Cap: 58%,  Fixed: 42%",58,0.00681752940314073,0.032702421518746,0.208471699847448,0.200174353458066,0.20090464074421,0.19812436243097,0.198842770482562,"Monthly"
"Large_Cap: 59%,  Fixed: 41%",59,0.00685330661816108,0.0331851572060991,0.206517226228523,0.198334245211744,0.199054018851032,0.196333581839239,0.197042355489208,"Monthly"
"Large_Cap: 60%,  Fixed: 40%",60,0.00688879372869478,0.0336695898287324,0.20459987079546,0.196528351096361,0.197237877317851,0.194575412378502,0.195274764954552,"Monthly"
"Large_Cap: 61%,  Fixed: 39%",61,0.00692399055071169,0.034155647183364,0.202718763124012,0.194755890627861,0.195455427340397,0.192849129978219,0.193539269860401,"Monthly"
"Large_Cap: 62%,  Fixed: 38%",62,0.0069588968953882,0.0346432608833463,0.20087303325229,0.19301608131839,0.193705878343855,0.191154007307793,0.191835137934334,"Monthly"
"Large_Cap: 63%,  Fixed: 37%",63,0.00699351256909631,0.0351323661256475,0.199061815081987,0.191308142044094,0.191988441353015,0.189489317024493,0.190161636915325,"Monthly"
"Large_Cap: 64%,  Fixed: 36%",64,0.00702783737339208,0.03562290147334,0.197284249253298,0.189631295905847,0.190302331853757,0.187854334544645,0.188518037340111,"Monthly"
"Large_Cap: 65%,  Fixed: 35%",65,0.00706187110500411,0.0361148086525435,0.195539485559666,0.187984772645879,0.188646772208937,0.186248340396275,0.186903614908664,"Monthly"
"Large_Cap: 66%,  Fixed: 34%",66,0.00709561355582045,0.0366080323628321,0.193826684960664,0.18636781067609,0.187020993684815,0.184670622204906,0.185317652480786,"Monthly"
"Large_Cap: 67%,  Fixed: 33%",67,0.00712906451287432,0.0371025201001805,0.192145021244518,0.184779658767014,0.18542423813714,0.183120476357936,0.183759441749493,"Monthly"
"Large_Cap: 68%,  Fixed: 32%",68,0.00716222375833131,0.0375982219915812,0.1904936823857,0.183219577440954,0.1838557594006,0.181597209388085,0.182228284631879,"Monthly"
"Large_Cap: 69%,  Fixed: 31%",69,0.00719509106947269,0.0380950906405266,0.188871871637401,0.181686840107426,0.182314824419991,0.180100139111479,0.18072349441326,"Monthly"
"Large_Cap: 70%,  Fixed: 30%",70,0.00722766621868032,0.0385930809825991,0.187278808394156,0.180180733974504,0.180800714156738,0.178628595551706,0.179244396676058,"Monthly"
"Large_Cap: 71%,  Fixed: 29%",71,0.00725994897342019,0.0390921501504684,0.185713728855439,0.178700560765867,0.17931272430074,0.177181921677783,0.177790330041537,"Monthly"
"Large_Cap: 72%,  Fixed: 28%",72,0.00729193909622472,0.0395922573476415,0.184175886517345,0.177245637269384,0.177850165813478,0.17575947398024,0.176360646748762,"Monthly"
"Large_Cap: 73%,  Fixed: 27%",73,0.0073236363446747,0.0400933637303578,0.182664552516191,0.175815295740254,0.176412365325406,0.174360622906977,0.174954713092467,"Monthly"
"Large_Cap: 74%,  Fixed: 26%",74,0.00735504047138047,0.0405954322970635,0.181179015844906,0.174408884178746,0.17499866540787,0.172984753177767,0.173571909738949,"Monthly"
"Large_Cap: 75%,  Fixed: 25%",75,0.00738615122396169,0.0410984277849403,0.179718583460465,0.173025766500167,0.173608424737126,0.171631263994067,0.172211631936625,"Monthly"
"Large_Cap: 76%,  Fixed: 24%",76,0.00741696834502781,0.0416023165730015,0.178282580298453,0.171665322612516,0.17224101816602,0.170299569158755,0.170873289636019,"Monthly"
"Large_Cap: 77%,  Fixed: 23%",77,0.00744749157215585,0.0421070665913017,0.17687034920866,0.170326948415393,0.170895836716906,0.16898909711868,0.169556307532082,"Monthly"
"Large_Cap: 78%,  Fixed: 22%",78,0.00747772063786889,0.0426126472358405,0.175481250824041,0.169010055731949,0.169572287507674,0.167699290941221,0.168260125040197,"Monthly"
"Large_Cap: 79%,  Fixed: 21%",79,0.00750765526961272,0.0431190292887706,0.174114663373647,0.167714072184286,0.168269793621297,0.166429608234795,0.166984196215796,"Monthly"
"Large_Cap: 80%,  Fixed: 20%",80,0.00753729518973278,0.0436261848435469,0.172769982448917,0.16643844102136,0.166987793927914,0.16517952102196,0.16572798962626,"Monthly"
"Large_Cap: 81%,  Fixed: 19%",81,0.00756664011544839,0.0441340872346827,0.171446620731337,0.165182620907273,0.165725742867475,0.16394851557267,0.16449098818281,"Monthly"
"Large_Cap: 82%,  Fixed: 18%",82,0.00759568975882918,0.0446427109717995,0.170144007688676,0.163946085676793,0.164483110199717,0.162736092204274,0.163272688938917,"Monthly"
"Large_Cap: 83%,  Fixed: 17%",83,0.00762444382676675,0.0451520316776829,0.168861589245723,0.162728324064202,0.163259380727575,0.16154176505411,0.162072602861164,"Monthly"
"Large_Cap: 84%,  Fixed: 16%",84,0.00765290202094948,0.0456620260300736,0.167598827435059,0.161528839410576,0.162054053999178,0.160365061829668,0.16089025457753,"Monthly"
"Large_Cap: 85%,  Fixed: 15%",85,0.00768106403783375,0.0461726717069476,0.166355200032273,0.160347149354044,0.160866643993026,0.159205523540698,0.159725182107598,"Monthly"
"Large_Cap: 86%,  Fixed: 14%",86,0.0077089295686148,0.0466839473350508,0.165130200179685,0.159182785506985,0.159696678790158,0.158062704217154,0.158576936578414,"Monthly"
"Large_Cap: 87%,  Fixed: 13%",87,0.00773649829919765,0.0471958324414754,0.163923336001991,0.15803529312348,0.158543700236808,0.156936170616178,0.157445081929418,"Monthly"
"Large_Cap: 88%,  Fixed: 12%",88,0.00776376991016692,0.0477083074080777,0.162734130216751,0.156904230759978,0.157407263600414,0.155825501921076,0.156329194609286,"Monthly"
"Large_Cap: 89%,  Fixed: 11%",89,0.00779074407675417,0.0482213534285513,0.161562119742192,0.155789169931638,0.156286937221446,0.154730289434656,0.155228863267142,"Monthly"
"Large_Cap: 90%,  Fixed: 10%",90,0.00781742046880618,0.0487349524679841,0.160406855304553,0.154689694766557,0.155182302163288,0.153650136269181,0.154143688440332,"Monthly"
"Large_Cap: 91%,  Fixed: 9%",91,0.00784379875075203,0.0492490872247383,0.159267901046743,0.153605401659661,0.154092951861924,0.152584657034643,0.153073282240556,"Monthly"
"Large_Cap: 92%,  Fixed: 8%",92,0.00786987858156873,0.0497637410945046,0.158144834139847,0.152535898927848,0.15301849177705,0.151533477527015,0.152017268039964,"Monthly"
"Large_Cap: 93%,  Fixed: 7%",93,0.00789565961474503,0.050278898136392,0.157037244398762,0.151480806467677,0.151958539045865,0.150496234417726,0.150975280158509,"Monthly"
"Large_Cap: 94%,  Fixed: 6%",94,0.00792114149824696,0.0507945430409239,0.15594473390311,0.150439755416758,0.150912722140701,0.149472574945581,0.149946963553744,"Monthly"
"Large_Cap: 95%,  Fixed: 5%",95,0.00794632387447969,0.0513106610998207,0.154866916624223,0.149412387819677,0.149880680531376,0.148462156611956,0.14893197351397,"Monthly"
"Large_Cap: 96%,  Fixed: 4%",96,0.00797120638024928,0.0518272381774568,0.153803418058972,0.148398356299358,0.148862064353045,0.147464646880213,0.147929975355563,"Monthly"
"Large_Cap: 97%,  Fixed: 3%",97,0.00799578864672479,0.0523442606838879,0.152753874871061,0.147397323734335,0.14785653408017,0.146479722879835,0.146940644125126,"Monthly"
"Large_Cap: 98%,  Fixed: 2%",98,0.00802007029939644,0.0528617155493518,0.151717934540147,0.146408962942554,0.146863760207128,0.145507071115931,0.145963664307035,"Monthly"
"Large_Cap: 99%,  Fixed: 1%",99,0.0080440509580364,0.0533795902001519,0.150695255019277,0.145432956372045,0.14588342293579,0.144546387184501,0.144998729536763,"Monthly"
"Large_Cap: 100%,  Fixed: 0%",100,0.00806773023665519,0.0538978725358387,0.149685504400766,0.14446899579881,0.144915211870448,0.143597375493831,0.144045542320379,"Monthly"
"Large_Cap: 0%,  Fixed: 100%",0,0.0528035935999083,0.0644785697172385,0.818932458202328,0.765235209957156,0.780772595061564,0.784824256283364,0.801973703344239,"12 Months"
"Large_Cap: 1%,  Fixed: 99%",1,0.0535142949519778,0.0641278951667122,0.834493239063244,0.78028313274465,0.795931301130904,0.797971801285027,0.815499970407893,"12 Months"
"Large_Cap: 2%,  Fixed: 98%",2,0.054220699768619,0.0638456450467142,0.849246643666097,0.794574070417318,0.81031767345349,0.810192635325604,0.82808840911364,"12 Months"
"Large_Cap: 3%,  Fixed: 97%",3,0.0549228194521745,0.0636327298764978,0.863122163056212,0.808040449995861,0.823863402180292,0.821436987268512,0.839685676018102,"12 Months"
"Large_Cap: 4%,  Fixed: 96%",4,0.0556206648889308,0.0634898472106037,0.876056051992536,0.82062099585944,0.836506617207097,0.83166461050389,0.850248019787368,"12 Months"
"Large_Cap: 5%,  Fixed: 95%",5,0.0563142464610669,0.063417470410782,0.887992631940307,0.83226197514356,0.848193148429114,0.840845502389166,0.85974209926559,"12 Months"
"Large_Cap: 6%,  Fixed: 94%",6,0.0570035740578509,0.0634158408835297,0.898885408813619,0.842918270776608,0.858877609700562,0.848960332767929,0.868145506467037,"12 Months"
"Large_Cap: 7%,  Fixed: 93%",7,0.0576886570861248,0.0634849640766539,0.908697955888729,0.852554234736823,0.868524258529014,0.85600056797537,0.875446975685639,"12 Months"
"Large_Cap: 8%,  Fixed: 92%",8,0.0583695044801213,0.0636246093885774,0.917404523831945,0.861144284869076,0.877107594521782,0.861968293565739,0.881646277415796,"12 Months"
"Large_Cap: 9%,  Fixed: 91%",9,0.0590461247106493,0.0638343139938874,0.924990354189493,0.86867322212641,0.884612673384639,0.866875755032424,0.886753812878835,"12 Months"
"Large_Cap: 10%,  Fixed: 90%",10,0.0597185257936821,0.0641133904381722,0.931451688727516,0.875136260227928,0.891035128661356,0.870744649668054,0.890789940155293,"12 Months"
"Large_Cap: 11%,  Fixed: 89%",11,0.0603867152983812,0.0644609377147971,0.93679548326706,0.880538775111592,0.8963809090331,0.873605213377047,0.893784075026152,"12 Months"
"Large_Cap: 12%,  Fixed: 88%",12,0.0610507003545822,0.0648758554151738,0.941038849721325,0.884895795871832,0.900665753512242,0.875495153077784,0.895773617838575,"12 Months"
"Large_Cap: 13%,  Fixed: 87%",13,0.0617104876597707,0.0653568604495064,0.944208262688004,0.888231270942588,0.903914439086105,0.876458478144296,0.896802761726317,"12 Months"
"Large_Cap: 14%,  Fixed: 86%",14,0.0623660834855759,0.0659025057715418,0.946338576286836,0.89057715226222,0.906159844428295,0.876544283391736,0.896921237486235,"12 Months"
"Large_Cap: 15%,  Fixed: 85%",15,0.0630174936837959,0.0665112005101855,0.947471902482732,0.89197234556905,0.907441878729518,0.875805531991384,0.89618304687548,"12 Months"
"Large_Cap: 16%,  Fixed: 84%",16,0.0636647236919858,0.067181230911842,0.947656403847815,0.892461576763512,0.90780632644853,0.874297880208827,0.894645229842975,"12 Months"
"Large_Cap: 17%,  Fixed: 83%",17,0.0643077785386175,0.0679107815265037,0.9469450519211,0.892094222732973,0.907303657155988,0.872078577875492,0.892366703160384,"12 Months"
"Large_Cap: 18%,  Fixed: 82%",18,0.0649466628478363,0.0686979561227037,0.945394397641655,0.890923150742861,0.905987845227359,0.869205469882579,0.889407198986621,"12 Months"
"Large_Cap: 19%,  Fixed: 81%",19,0.0655813808438253,0.0695407978852664,0.943063393549586,0.889003604193161,0.903915237691126,0.865736115466301,0.885826322899151,"12 Months"
"Large_Cap: 20%,  Fixed: 80%",20,0.0662119363547933,0.0704373085288483,0.940012299414812,0.886392165018234,0.901143500864712,0.86172703420748,0.881682742503459,"12 Months"
"Large_Cap: 21%,  Fixed: 79%",21,0.0668383328166,0.0713854660434671,0.936301694463991,0.883145815025164,0.897730668280626,0.857233080884849,0.877033510345352,"12 Months"
"Large_Cap: 22%,  Fixed: 78%",22,0.0674605732760305,0.0723832408702731,0.931991611109744,0.879321110665454,0.893734304471806,0.852306945811393,0.871933518763827,"12 Months"
"Large_Cap: 23%,  Fixed: 77%",23,0.0680786603937278,0.0734286103825415,0.927140797559125,0.874973478609408,0.889210791947422,0.846998773106359,0.866435079633216,"12 Months"
"Large_Cap: 24%,  Fixed: 76%",24,0.068692596446795,0.0745195716152765,0.92180611023149,0.870156633369706,0.884214742478971,0.841355886455176,0.860587618617096,"12 Months"
"Large_Cap: 25%,  Fixed: 75%",25,0.069302383331078,0.075654152245093,0.916042031725667,0.864922113273231,0.878798528804704,0.835422610149619,0.854437471465827,"12 Months"
"Large_Cap: 26%,  Fixed: 74%",26,0.0699080225631299,0.0768304198694062,0.909900306180251,0.859318927348963,0.873011929087541,0.829240172399757,0.84802776885147,"12 Months"
"Large_Cap: 27%,  Fixed: 73%",27,0.0705095152818715,0.078046489670458,0.903429681201417,0.853393303124984,0.866901873865333,0.822846677869479,0.841398396041429,"12 Months"
"Large_Cap: 28%,  Fixed: 72%",28,0.0711068622499507,0.0793005305760227,0.896675743950829,0.847188523782211,0.860512283681732,0.816277136914891,0.83458601415849,"12 Months"
"Large_Cap: 29%,  Fixed: 71%",29,0.0717000638548029,0.0805907700458474,0.889680838314528,0.840744842430633,0.853883984911689,0.809563539923539,0.827624130669577,"12 Months"
"Large_Cap: 30%,  Fixed: 70%",30,0.0722891201094245,0.0819154976223226,0.882484050121,0.834099461276735,0.847054691315238,0.802734966312314,0.820543207924055,"12 Months"
"Large_Cap: 31%,  Fixed: 69%",31,0.0728740306528566,0.0832730673869347,0.875121247956939,0.827286563963752,0.840059039388812,0.795817719021806,0.813370799890522,"12 Months"
"Large_Cap: 32%,  Fixed: 68%",32,0.0734547947503843,0.0846618994621035,0.86762516807533,0.820337390231187,0.832928666474101,0.788835476651601,0.806131708614566,"12 Months"
"Large_Cap: 33%,  Fixed: 67%",33,0.0740314112934548,0.0860804806923139,0.860025533059843,0.813280343122087,0.825692321693438,0.781809456647934,0.798848153263149,"12 Months"
"Large_Cap: 34%,  Fixed: 66%",34,0.0746038787993148,0.0875273646301228,0.852349195186892,0.806141120156266,0.81837600099703,0.774758584136594,0.791539945882064,"12 Months"
"Large_Cap: 35%,  Fixed: 65%",35,0.0751721954103688,0.0890011709426076,0.844620296724451,0.798942861101526,0.811003098846101,0.76769966206318,0.784224669139285,"12 Months"
"Large_Cap: 36%,  Fixed: 64%",36,0.075736358893258,0.0905005843428769,0.836860440661001,0.791706306152051,0.803594570255869,0.760647539246341,0.776917852342682,"12 Months"
"Large_Cap: 37%,  Fixed: 63%",37,0.0762963666376599,0.0920243531399989,0.829088866526325,0.784449959422183,0.796169098041343,0.753615273763963,0.76963314289987,"12 Months"
"Large_Cap: 38%,  Fixed: 62%",38,0.076852215654809,0.0935712874895629,0.821322627022539,0.777190253660308,0.788743261122746,0.746614289781912,0.762382471134656,"12 Months"
"Large_Cap: 39%,  Fixed: 61%",39,0.0774039025757343,0.0951402574164048,0.813576762116135,0.769941712968582,0.781331700642855,0.739654526507917,0.755176206996305,"12 Months"
"Large_Cap: 40%,  Fixed: 60%",40,0.077951423649212,0.0967301906710167,0.805864468047292,0.762717111076699,0.773947281423134,0.732744578420891,0.748023307706551,"12 Months"
"Large_Cap: 41%,  Fixed: 59%",41,0.0784947747394347,0.0983400704719539,0.798197259395101,0.755527623365354,0.766601246942536,0.725891826300999,0.740931455797857,"12 Months"
"Large_Cap: 42%,  Fixed: 58%",42,0.0790339513233858,0.099968933178226,0.790585122904962,0.748382971374512,0.759303366570081,0.719102558880329,0.733907187318167,"12 Months"
"Large_Cap: 43%,  Fixed: 57%",43,0.0795689484879216,0.101615865928223,0.783036662248452,0.741291558973679,0.752062074230144,0.712382085160657,0.726956010225285,"12 Months"
"Large_Cap: 44%,  Fixed: 56%",44,0.0800997609265544,0.103280004275167,0.77555923325822,0.734260599726824,0.74488459803934,0.705734837614421,0.720082513180315,"12 Months"
"Large_Cap: 45%,  Fixed: 55%",45,0.0806263829359277,0.104960529843369,0.7681590694735,0.727296235265261,0.737777080737631,0.699164466607957,0.713290465084839,"12 Months"
"Large_Cap: 46%,  Fixed: 54%",46,0.0811488084119822,0.106656668024597,0.760841398057439,0.720403644698557,0.730744690955217,0.692673926471006,0.70658290580065,"12 Months"
"Large_Cap: 47%,  Fixed: 53%",47,0.0816670308458016,0.108367685729665,0.753610546316628,0.713587145256775,0.723791725521347,0.686265553691256,0.699962228551855,"12 Months"
"Large_Cap: 48%,  Fixed: 52%",48,0.0821810433191323,0.110092889206724,0.746470039175908,0.706850284476506,0.716921703141043,0.679941137743595,0.693430254544382,"12 Months"
"Large_Cap: 49%,  Fixed: 51%",49,0.0826908384995677,0.111831621934723,0.739422688046455,0.700195924326224,0.710137449849083,0.673701985076357,0.686988300352963,"12 Months"
"Large_Cap: 50%,  Fixed: 50%",50,0.0831964086353878,0.113583262597989,0.732470671579925,0.693626317720871,0.703441176704717,0.667548976775539,0.680637238625482,"12 Months"
"Large_Cap: 51%,  Fixed: 49%",51,0.0836977455500421,0.115347223145781,0.725615608832307,0.687143177907056,0.696834550221839,0.661482620416364,0.674377552643339,"12 Months"
"Large_Cap: 52%,  Fixed: 48%",52,0.084194840636268,0.117122946938966,0.718858625373753,0.680747741214231,0.690318756042534,0.65550309659278,0.66820938525696,"12 Months"
"Large_Cap: 53%,  Fixed: 47%",53,0.0846876848498279,0.11890990698457,0.712200412879115,0.674440823667537,0.683894556361747,0.649610300591496,0.662132582690796,"12 Months"
"Large_Cap: 54%,  Fixed: 46%",54,0.085176268702855,0.120707604257878,0.705641282722218,0.668222871948516,0.677562341600374,0.64380387965024,0.656146733683641,"12 Months"
"Large_Cap: 55%,  Fixed: 45%",55,0.085660582256792,0.122515566110842,0.699181214077673,0.662094009173086,0.671322176806556,0.638083266211077,0.65025120439979,"12 Months"
"Large_Cap: 56%,  Fixed: 44%",56,0.0861406151149053,0.124333344764909,0.692819897009775,0.656054075934377,0.665173843242347,0.632447707550157,0.644445169515361,"12 Months"
"Large_Cap: 57%,  Fixed: 43%",57,0.0866163564143625,0.126160515885857,0.686556771000588,0.650102667033093,0.659116875587125,0.626896292135967,0.638727639852997,"12 Months"
"Large_Cap: 58%,  Fixed: 42%",58,0.087087794817849,0.127996677237839,0.680391059339964,0.6442391642912,0.653150595161511,0.621427973039499,0.633097486907761,"12 Months"
"Large_Cap: 59%,  Fixed: 41%",59,0.0875549185047082,0.129841447413589,0.674321799770271,0.638462765817027,0.647274139547161,0.616041588692198,0.62755346457787,"12 Months"
"Large_Cap: 60%,  Fixed: 40%",60,0.0880177151615824,0.131694464637547,0.668347871748652,0.632772512062298,0.641486488949369,0.610735881261493,0.622094228386056,"12 Months"
"Large_Cap: 61%,  Fixed: 39%",61,0.088476171972532,0.133555385638582,0.66246802066043,0.627167308984302,0.635786489621732,0.605509512889026,0.616718352451317,"12 Months"
"Large_Cap: 62%,  Fixed: 38%",62,0.0889302756086072,0.135423884588934,0.656680879289103,0.62164594860041,0.630172874645231,0.600361080013858,0.611424344446377,"12 Months"
"Large_Cap: 63%,  Fixed: 37%",63,0.0893800122168487,0.137299652106004,0.650984986821685,0.616207127197039,0.624644282328682,0.595289125981593,0.606210658753621,"12 Months"
"Large_Cap: 64%,  Fixed: 36%",64,0.0898253674086835,0.139182394313679,0.645378805642916,0.610849461431739,0.619199272473455,0.590292152120772,0.601075708011414,"12 Months"
"Large_Cap: 65%,  Fixed: 35%",65,0.090266326247691,0.141071831959939,0.639860736148406,0.605571502545017,0.61383634072287,0.585368627449908,0.596017873223626,"12 Months"
"Large_Cap: 66%,  Fixed: 34%",66,0.0907028732367023,0.14296769958758,0.634429129784935,0.600371748878029,0.60855393119585,0.580516997162026,0.591035512587692,"12 Months"
"Large_Cap: 67%,  Fixed: 33%",67,0.0911349923041977,0.14486974475501,0.629082300505994,0.595248656873414,0.603350447585118,0.57573569001862,0.586126969180636,"12 Months"
"Large_Cap: 68%,  Fixed: 32%",68,0.0915626667899645,0.146777727304197,0.623818534812172,0.590200650719049,0.598224262882452,0.571023124771243,0.581290577628,"12 Months"
"Large_Cap: 69%,  Fixed: 31%",69,0.0919858794299728,0.14869141867295,0.618636100529093,0.585226130778643,0.593173727877371,0.566377715716637,0.576524669867578,"12 Months"
"Large_Cap: 70%,  Fixed: 30%",70,0.0924046123404252,0.150610601248884,0.613533254460134,0.580323480938439,0.5881971785607,0.561797877480037,0.571827580107903,"12 Months"
"Large_Cap: 71%,  Fixed: 29%",71,0.092818847000931,0.152535067762505,0.608508249037189,0.575491074986073,0.583292942551028,0.55728202911124,0.567197649070844,"12 Months"
"Large_Cap: 72%,  Fixed: 28%",72,0.0932285642367516,0.154464620717043,0.603559338079966,0.57072728212552,0.578459344649789,0.552828597568828,0.562633227597908,"12 Months"
"Large_Cap: 73%,  Fixed: 27%",73,0.0936337442000637,0.156399071852726,0.598684781762864,0.566030471721142,0.573694711619583,0.548436020659708,0.558132679691237,"12 Months"
"Large_Cap: 74%,  Fixed: 26%",74,0.0940343663501739,0.15833824164337,0.593882850877998,0.561399017353926,0.568997376270301,0.544102749493722,0.553694385052401,"12 Months"
"Large_Cap: 75%,  Fixed: 25%",75,0.0944304094326229,0.160281958823258,0.589151830473639,0.556831300263971,0.564365680928488,0.539827250506333,0.54931674117505,"12 Months"
"Large_Cap: 76%,  Fixed: 24%",76,0.0948218514571026,0.162230059942395,0.584490022938857,0.55232571224524,0.559797980357223,0.535608007096401,0.544998165041198,"12 Months"
"Large_Cap: 77%,  Fixed: 23%",77,0.0952086696741117,0.164182388948364,0.579895750597559,0.547880658051131,0.555292644186268,0.531443520920537,0.540737094465103,"12 Months"
"Large_Cap: 78%,  Fixed: 22%",78,0.0955908405502599,0.166138796793093,0.575367357868299,0.543494557362871,0.55084805890565,0.527332312880678,0.536531989123697,"12 Months"
"Large_Cap: 79%,  Fixed: 21%",79,0.0959683397421338,0.168099141062967,0.570903213040128,0.53916584636663,0.546462629469672,0.523272923836982,0.532381331307757,"12 Months"
"Large_Cap: 80%,  Fixed: 20%",80,0.0963411420686155,0.170063285630804,0.566501709709206,0.534892978979811,0.542134780552939,0.519263915074136,0.528283626423893,"12 Months"
"Large_Cap: 81%,  Fixed: 19%",81,0.0967092214815517,0.172031100328306,0.562161267916039,0.530674427762005,0.537862957495017,0.515303868545459,0.524237403273643,"12 Months"
"Large_Cap: 82%,  Fixed: 18%",82,0.0970725510346457,0.174002460637708,0.557880335018719,0.526508684541501,0.533645626965751,0.511391386915757,0.520241214132415,"12 Months"
"Large_Cap: 83%,  Fixed: 17%",83,0.0974311028504458,0.175977247401397,0.55365738633364,0.522394260784165,0.529481277379296,0.507525093420852,0.516293634648016,"12 Months"
"Large_Cap: 84%,  Fixed: 16%",84,0.0977848480852808,0.17795534654838,0.549490925571581,0.518329687727517,0.525368419081025,0.503703631558667,0.51239326357545,"12 Months"
"Large_Cap: 85%,  Fixed: 15%",85,0.09813375689199,0.179936648836533,0.545379485093899,0.514313516299398,0.52130558432808,0.499925664624151,0.508538722362107,"12 Months"
"Large_Cap: 86%,  Fixed: 14%",86,0.0984777983802674,0.181921049609647,0.5413216260107,0.510344316837126,0.517291327081114,0.496189875097616,0.504728654594881,"12 Months"
"Large_Cap: 87%,  Fixed: 13%",87,0.0988169405744341,0.183908448568345,0.537315938140336,0.506420678619901,0.513324222621748,0.492494963893601,0.50096172531842,"12 Months"
"Large_Cap: 88%,  Fixed: 12%",88,0.0991511503684237,0.185898749554003,0.533361039847235,0.502541209224095,0.509402867007399,0.488839649474884,0.497236620231393,"12 Months"
"Large_Cap: 89%,  Fixed: 11%",89,0.0994803934777533,0.187891860344865,0.529455577773102,0.498704533707996,0.505525876372438,0.48522266683377,0.493552044765481,"12 Months"
"Large_Cap: 90%,  Fixed: 10%",90,0.0998046343882177,0.189887692463605,0.525598226474562,0.494909293629552,0.501691886081886,0.481642766340244,0.489906723049521,"12 Months"
"Large_Cap: 91%,  Fixed: 9%",91,0.100123836301026,0.19188616099562,0.521787687978764,0.491154145897451,0.497899549741245,0.478098712453886,0.486299396759059,"12 Months"
"Large_Cap: 92%,  Fixed: 8%",92,0.100437961074062,0.193887184417403,0.518022691266886,0.487437761452646,0.49414753806329,0.474589282293598,0.482728823849149,"12 Months"
"Large_Cap: 93%,  Fixed: 7%",93,0.100746969158923,0.195890684434367,0.514301991694141,0.483758823773814,0.49043453758983,0.471113264055997,0.479193777165811,"12 Months"
"Large_Cap: 94%,  Fixed: 6%",94,0.101050819533339,0.197896585827567,0.510624370353652,0.48011602719638,0.486759249263417,0.467669455269822,0.475693042928848,"12 Months"
"Large_Cap: 95%,  Fixed: 5%",95,0.10134946962854,0.199904816308754,0.506988633390429,0.476508075030304,0.483120386840681,0.464256660869645,0.472225419075687,"12 Months"
"Large_Cap: 96%,  Fixed: 4%",96,0.101642875251089,0.201915306383276,0.503393611270613,0.472933677456792,0.479516675135285,0.460873691067415,0.468789713452568,"12 Months"
"Large_Cap: 97%,  Fixed: 3%",97,0.101930990498627,0.203927989220346,0.499838158010227,0.469391549178182,0.475946848074291,0.457519358994839,0.465384741835418,"12 Months"
"Large_Cap: 98%,  Fixed: 2%",98,0.102213767668919,0.205942800530247,0.496321150366736,0.465880406788206,0.472409646546893,0.454192478082835,0.462009325758193,"12 Months"
"Large_Cap: 99%,  Fixed: 1%",99,0.102491157161518,0.207959678448046,0.49284148699587,0.462398965821335,0.468903816018683,0.450891859136142,0.458662290120939,"12 Months"
"Large_Cap: 100%,  Fixed: 0%",100,0.102763107371258,0.209978563423447,0.489398087575366,0.458945937429538,0.465428103877759,0.447616307051134,0.455342460543212,"12 Months"
"Large_Cap: 0%,  Fixed: 100%",0,0.71131577576433,0.569923949505263,1.24808893604455,1.22180653036172,1.23972653213122,1.52095702884206,1.74770511225042,"120 Months"
"Large_Cap: 1%,  Fixed: 99%",1,0.725396221945199,0.567244006079791,1.27880808641486,1.25117288079108,1.26903037072722,1.55771389459414,1.79134661922652,"120 Months"
"Large_Cap: 2%,  Fixed: 98%",2,0.739289049146307,0.564881091472227,1.30875162986874,1.27980773397102,1.29760310381191,1.59306168350021,1.83305040376483,"120 Months"
"Large_Cap: 3%,  Fixed: 97%",3,0.753003580415219,0.562839198553095,1.33786627219814,1.30765757300467,1.32539053827477,1.62688911625635,1.87263237138275,"120 Months"
"Large_Cap: 4%,  Fixed: 96%",4,0.766548294954464,0.561121831876605,1.36609957304786,1.33466991559377,1.35233958305767,1.65909231363454,1.90992259826874,"120 Months"
"Large_Cap: 5%,  Fixed: 95%",5,0.779930933406168,0.559731978579799,1.39340070471778,1.36079402272397,1.37839895624932,1.68957672796764,1.94476922203034,"120 Months"
"Large_Cap: 6%,  Fixed: 94%",6,0.793158586399678,0.558672083011839,1.41972117547687,1.38598157731264,1.40351986249858,1.71825887766341,1.97704188994918,"120 Months"
"Large_Cap: 7%,  Fixed: 93%",7,0.806237769565329,0.557944025583526,1.44501550800212,1.4101873228224,1.42765663053933,1.74506783009236,2.00663461332113,"120 Months"
"Large_Cap: 8%,  Fixed: 92%",8,0.819174487506099,0.55754910625661,1.46924186284872,1.43336965136516,1.45076730018133,1.76994638641118,2.03346790423196,"120 Months"
"Large_Cap: 9%,  Fixed: 91%",9,0.831974288685922,0.55748803300732,1.49236259691156,1.45549113102936,1.47281414836492,1.79285193335802,2.05749010921687,"120 Months"
"Large_Cap: 10%,  Fixed: 90%",10,0.844642312789569,0.557760915501282,1.51434474757066,1.47651896299126,1.49376414473809,1.81375694089043,2.07867789914042,"120 Months"
"Large_Cap: 11%,  Fixed: 89%",11,0.857183331799291,0.558367264111103,1.5351604345285,1.49642536033848,1.51358932861177,1.83264909964875,2.09703592201802,"120 Months"
"Large_Cap: 12%,  Fixed: 88%",12,0.869601785793773,0.559305994297075,1.55478717314066,1.51518784234267,1.53226710098619,1.84953110745609,2.11259567091174,"120 Months"
"Large_Cap: 13%,  Fixed: 87%",13,0.881901814287403,0.560575436259913,1.57320809518758,1.53278944005512,1.54978042750383,1.86442012828914,2.12541365842566,"120 Months"
"Large_Cap: 14%,  Fixed: 86%",14,0.894087283780262,0.562173349666254,1.59041207540531,1.5492188114394,1.56611795054847,1.87734695940102,2.13556901958875,"120 Months"
"Large_Cap: 15%,  Fixed: 85%",15,0.906161812071634,0.564096943146825,1.60639376454798,1.56447026666913,1.58127401114407,1.88835495181585,2.14316068419027,"120 Months"
"Large_Cap: 16%,  Fixed: 84%",16,0.918128789795827,0.56634289817728,1.62115353216353,1.57854370658008,1.59524858368604,1.89749873580452,2.14830426743325,"120 Months"
"Large_Cap: 17%,  Fixed: 83%",17,0.929991399563217,0.568907396875555,1.63469732450437,1.59144447945746,1.60804712874227,1.90484280605938,2.15112882485335,"120 Months"
"Large_Cap: 18%,  Fixed: 82%",18,0.94175263302778,0.571786153189487,1.64703644496212,1.60318316326173,1.61968037109414,1.91046002126037,2.15177360554591,"120 Months"
"Large_Cap: 19%,  Fixed: 81%",19,0.953415306152091,0.574974446905578,1.65818726603108,1.61377528197357,1.63016401177045,1.91443006994948,2.15038491919315,"120 Months"
"Large_Cap: 20%,  Fixed: 80%",20,0.964982072899336,0.578467159884768,1.66817088301359,1.62324096591817,1.63951838400957,1.91683794964607,2.14711320974782,"120 Months"
"Large_Cap: 21%,  Fixed: 79%",21,0.976455437547803,0.582258813923462,1.67701272045692,1.63160456668732,1.6477680638421,1.91777249957055,2.14211040436287,"120 Months"
"Large_Cap: 22%,  Fixed: 78%",22,0.987837765794842,0.586343609646762,1.6847421026554,1.63889423761525,1.65494144631993,1.91732501984078,2.13552758235402,"120 Months"
"Large_Cap: 23%,  Fixed: 77%",23,0.999131294793681,0.59071546586429,1.69139179948815,1.64514149070496,1.66107029835182,1.91558800216017,2.12751298724299,"120 Months"
"Large_Cap: 24%,  Fixed: 76%",24,1.01033814224653,0.595368058854828,1.69699755843451,1.6503807404883,1.66618929868439,1.91265398933818,2.11821038630766,"120 Months"
"Large_Cap: 25%,  Fixed: 75%",25,1.02146031466081,0.60029486109203,1.70159763287431,1.65464884459151,1.67033557484559,1.90861457386932,2.10775776710761,"120 Months"
"Large_Cap: 26%,  Fixed: 74%",26,1.03249971486099,0.605489178976854,1.70523231580405,1.65798464983205,1.67354824591286,1.90355953952378,2.09628634927194,"120 Months"
"Large_Cap: 27%,  Fixed: 73%",27,1.04345814883683,0.610944189200832,1.70794348695217,1.66042855156075,1.67586797884512,1.89757614463251,2.08391988222541,"120 Months"
"Large_Cap: 28%,  Fixed: 72%",28,1.0543373319982,0.616652973425159,1.70977418002535,1.66202207275041,1.67733656489574,1.89074854154666,2.07077419506656,"120 Months"
"Large_Cap: 29%,  Fixed: 71%",29,1.0651388948982,0.622608551021868,1.71076817552541,1.66280746807999,1.67799652136207,1.88315732359595,2.05695696296242,"120 Months"
"Large_Cap: 30%,  Fixed: 70%",30,1.07586438847875,0.628803909683012,1.71096962329815,1.6628273570254,1.67789072268091,1.87487918868783,2.04256765461997,"120 Months"
"Large_Cap: 31%,  Fixed: 69%",31,1.08651528888606,0.635232033760393,1.71042269775691,1.66212438878735,1.67706206369163,1.86598670736345,2.02769762708494,"120 Months"
"Large_Cap: 32%,  Fixed: 68%",32,1.09709300189834,0.641885930250633,1.70917128759929,1.66074094079804,1.67555315679409,1.8565481825224,2.01243033681697,"120 Months"
"Large_Cap: 33%,  Fixed: 67%",33,1.10759886700267,0.648758652387548,1.70725872083018,1.65871885157568,1.67340606375121,1.84662758800546,1.99684163928523,"120 Months"
"Large_Cap: 34%,  Fixed: 66%",34,1.11803416115424,0.655843320845251,1.70472752503344,1.65609918785253,1.67066206203925,1.83628457364619,1.98100015289442,"120 Months"
"Large_Cap: 35%,  Fixed: 65%",35,1.12840010224715,0.663133142590971,1.70161922210418,1.65292204519619,1.6673614449407,1.82557452514448,1.96496766664179,"120 Months"
"Large_Cap: 36%,  Fixed: 64%",36,1.13869785232306,0.670621427456251,1.6979741560634,1.64922638077325,1.66354335400273,1.81454866807048,1.94879957434805,"120 Months"
"Large_Cap: 37%,  Fixed: 63%",37,1.1489285205409,0.678301602519096,1.6938313521212,1.64504987646412,1.6592456420435,1.80325420638536,1.93254532148538,"120 Months"
"Large_Cap: 38%,  Fixed: 62%",38,1.15909316592849,0.686167224408248,1.6892284048223,1.64042883021765,1.65450476456884,1.79173448699493,1.91624885347908,"120 Months"
"Large_Cap: 39%,  Fixed: 61%",39,1.16919279993497,0.694211989654382,1.6842013928873,1.63539807332154,1.64935569724989,1.78002918297789,1.89994905685699,"120 Months"
"Large_Cap: 40%,  Fixed: 60%",40,1.17922838880059,0.70242974322227,1.67878481823831,1.62999091114544,1.64383187699494,1.76817448921286,1.88368018676112,"120 Months"
"Large_Cap: 41%,  Fixed: 59%",41,1.18920085575908,0.710814485363337,1.67301156665541,1.62423908487377,1.63796516410998,1.75620332514014,1.86747227613398,"120 Months"
"Large_Cap: 42%,  Fixed: 58%",42,1.19911108308629,0.719360376930102,1.66691288753426,1.61817275176986,1.63178582306951,1.74414554031767,1.85135152337564,"120 Months"
"Large_Cap: 43%,  Fixed: 57%",43,1.20895991400716,0.72806174329333,1.66051839029274,1.61182048158901,1.62532251949676,1.73202811925866,1.835340656469,"120 Months"
"Large_Cap: 44%,  Fixed: 56%",44,1.21874815447232,0.736913076999762,1.65385605509171,1.60520926687285,1.61860233106946,1.7198753827669,1.81945927252633,"120 Months"
"Large_Cap: 45%,  Fixed: 55%",45,1.2284765748142,0.745909039303604,1.64695225568138,1.59836454500005,1.61165077021204,1.70770918361758,1.80372415245415,"120 Months"
"Large_Cap: 46%,  Fixed: 54%",46,1.23814591129192,0.755044460698855,1.63983179235023,1.59131023002955,1.60449181659802,1.69554909497177,1.78814955099997,"120 Months"
"Large_Cap: 47%,  Fixed: 53%",47,1.24775686753295,0.764314340572552,1.63251793312978,1.58406875254404,1.59714795766,1.68341259036752,1.77274746286387,"120 Months"
"Large_Cap: 48%,  Fixed: 52%",48,1.25731011587934,0.773713846091252,1.62503246158924,1.57666110587708,1.58964023548187,1.67131521450961,1.75752786585624,"120 Months"
"Large_Cap: 49%,  Fixed: 51%",49,1.2668062986451,0.783238310425002,1.61739572973352,1.56910689728167,1.58198829862376,1.65927074438991,1.74249894228547,"120 Months"
"Large_Cap: 50%,  Fixed: 50%",50,1.27624602929099,0.792883230404792,1.60962671469219,1.56142440276723,1.57421045760112,1.64729134052143,1.72766727988501,"120 Months"
"Large_Cap: 51%,  Fixed: 49%",51,1.28562989352251,0.802644263701234,1.60174307805314,1.55363062449331,1.56632374290155,1.6353876882681,1.71303805365467,"120 Months"
"Large_Cap: 52%,  Fixed: 48%",52,1.29495845031597,0.812517225604162,1.59376122685039,1.54574134975919,1.55834396457525,1.62356912940779,1.69861519001167,"120 Months"
"Large_Cap: 53%,  Fixed: 47%",53,1.30423223287764,0.82249808547504,1.58569637535919,1.53777121076835,1.55028577257562,1.61184378418414,1.68440151463285,"120 Months"
"Large_Cap: 54%,  Fixed: 46%",54,1.31345174954006,0.832582962936643,1.57756260698312,1.52973374447449,1.54216271715495,1.60021866419034,1.67039888533089,"120 Months"
"Large_Cap: 55%,  Fixed: 45%",55,1.3226174845995,0.842768123857472,1.56937293563702,1.52164145193055,1.53398730873584,1.58869977648978,1.65660831125083,"120 Months"
"Large_Cap: 56%,  Fixed: 44%",56,1.33172989909817,0.853049976181795,1.56113936613529,1.51350585666592,1.5257710767832,1.57729221941949,1.64303005960611,"120 Months"
"Large_Cap: 57%,  Fixed: 43%",57,1.34078943155445,0.863425065650117,1.5528729531901,1.50533756170784,1.51752462729289,1.56600027054723,1.62966375109796,"120 Months"
"Large_Cap: 58%,  Fixed: 42%",58,1.34979649864408,0.873890071449314,1.54458385870604,1.4971463049435,1.50925769859423,1.55482746726369,1.61650844508419,"120 Months"
"Large_Cap: 59%,  Fixed: 41%",59,1.35875149583514,0.884441801826496,1.53628140713061,1.4889410125892,1.50097921523342,1.54377668049265,1.60356271548406,"120 Months"
"Large_Cap: 60%,  Fixed: 40%",60,1.3676547979792,0.89507718969603,1.52797413868145,1.48072985059301,1.49269733976572,1.53285018199444,1.59082471832782,"120 Months"
"Large_Cap: 61%,  Fixed: 39%",61,1.376506759861,0.905793288264942,1.5196698603251,1.47252027384914,1.48441952233572,1.52204970572526,1.5782922517838,"120 Months"
"Large_Cap: 62%,  Fixed: 38%",62,1.38530771670873,0.916587266698116,1.51137569442691,1.46431907314589,1.47615254796925,1.51137650369728,1.56596280942376,"120 Months"
"Large_Cap: 63%,  Fixed: 37%",63,1.39405798466676,0.9274564058413,1.50309812502961,1.45613241980557,1.46790258153684,1.50083139676425,1.55383362741852,"120 Months"
"Large_Cap: 64%,  Fixed: 36%",64,1.40275786123258,0.938398094016943,1.49484304174988,1.4479659080055,1.45967521037967,1.49041482073478,1.54190172629211,"120 Months"
"Large_Cap: 65%,  Fixed: 35%",65,1.41140762565944,0.949409822905174,1.48661578130776,1.43982459479385,1.45147548461361,1.48012686819207,1.5301639478032,"120 Months"
"Large_Cap: 66%,  Fixed: 34%",66,1.42000753932623,0.96048918351987,1.47842116672505,1.43171303783462,1.44330795514727,1.46996732637487,1.51861698746726,"120 Months"
"Large_Cap: 67%,  Fixed: 33%",67,1.4285578460757,0.97163386228771,1.47026354424512,1.42363533093169,1.43517670946623,1.45993571145057,1.50725742318268,"120 Months"
"Large_Cap: 68%,  Fixed: 32%",68,1.43705877252224,0.982841637236248,1.46214681804004,1.41559513739474,1.42708540524785,1.45003129948769,1.49608174037752,"120 Months"
"Large_Cap: 69%,  Fixed: 31%",69,1.4455105283303,0.994110374295509,1.45407448278032,1.40759572131878,1.41903730188066,1.44025315441242,1.48508635405136,"120 Months"
"Large_Cap: 70%,  Fixed: 30%",70,1.45391330646412,1.00543802371619,1.44604965415006,1.39963997685633,1.41103528996908,1.43060015321177,1.47426762804855,"120 Months"
"Large_Cap: 71%,  Fixed: 29%",71,1.46226728340983,1.01682261660641,1.43807509739512,1.39173045556539,1.40308191890886,1.42107100862521,1.46362189186383,"120 Months"
"Large_Cap: 72%,  Fixed: 28%",72,1.47057261937035,1.02826226158793,1.4301532539951,1.38386939191949,1.39517942262152,1.41166428954664,1.45314545525033,"120 Months"
"Large_Cap: 73%,  Fixed: 27%",73,1.47882945843374,1.03975514157189,1.42228626655124,1.37605872706699,1.38732974353721,1.40237843934015,1.44283462087096,"120 Months"
"Large_Cap: 74%,  Fixed: 26%",74,1.48703792871555,1.0512995106534,1.41447600198286,1.36830013092724,1.37953455491561,1.39321179225551,1.43268569520886,"120 Months"
"Large_Cap: 75%,  Fixed: 25%",75,1.49519814247532,1.06289369112371,1.40672407312397,1.36059502270951,1.37179528159347,1.38416258811277,1.42269499792929,"120 Months"
"Large_Cap: 76%,  Fixed: 24%",76,1.5033101962077,1.07453607059826,1.39903185881021,1.35294458993933,1.36411311924553,1.37522898541061,1.41285886986438,"120 Months"
"Large_Cap: 77%,  Fixed: 23%",77,1.51137417070829,1.08622509925822,1.39140052254399,1.34534980607386,1.35648905224345,1.36640907299849,1.40317367977376,"120 Months"
"Large_Cap: 78%,  Fixed: 22%",78,1.51939013111414,1.09795928720328,1.38383102982291,1.33781144678499,1.34892387019403,1.35770088043954,1.39363583001685,"120 Months"
"Large_Cap: 79%,  Fixed: 21%",79,1.52735812691916,1.10973720191268,1.37632416421355,1.33033010498526,1.34141818323514,1.3491023871794,1.38424176125782,"120 Months"
"Large_Cap: 80%,  Fixed: 20%",80,1.53527819196398,1.12155746581157,1.36888054224938,1.32290620466795,1.33397243616394,1.34061153062405,1.37498795631023,"120 Months"
"Large_Cap: 81%,  Fixed: 19%",81,1.54315034440033,1.13341875393959,1.36150062722765,1.31554001362828,1.32658692146835,1.3322262132199,1.36587094321659,"120 Months"
"Large_Cap: 82%,  Fixed: 18%",82,1.55097458662946,1.14531979171841,1.35418474197709,1.30823165512857,1.3192617913288,1.32394430861907,1.35688729764657,"120 Months"
"Large_Cap: 83%,  Fixed: 17%",83,1.55875090521417,1.15725935281487,1.34693308066401,1.30098111856547,1.31199706865327,1.31576366700365,1.34803364468804,"120 Months"
"Large_Cap: 84%,  Fixed: 16%",84,1.56647927076397,1.16923625709635,1.33974571970093,1.29378826919288,1.30479265720464,1.30768211963426,1.33930666009598,"120 Months"
"Large_Cap: 85%,  Fixed: 15%",85,1.57415963779268,1.18124936867519,1.33262262781834,1.28665285694891,1.29764835087541,1.29969748267966,1.33070307105614,"120 Months"
"Large_Cap: 86%,  Fixed: 14%",86,1.5817919445477,1.19329759403847,1.3255636753565,1.27957452443067,1.29056384216056,1.29180756037649,1.32221965651305,"120 Months"
"Large_Cap: 87%,  Fixed: 13%",87,1.58937611281004,1.2053798802602,1.31856864283063,1.27255281405495,1.28353872987557,1.28401014756064,1.31385324710515,"120 Months"
"Large_Cap: 88%,  Fixed: 12%",88,1.59691204766412,1.21749521329237,1.31163722881976,1.2655871744376,1.27657252616238,1.27630303160386,1.30560072474357,"120 Months"
"Large_Cap: 89%,  Fixed: 11%",89,1.60439963723605,1.22964261633175,1.30476905722597,1.25867696601832,1.26966466282208,1.26868399378228,1.2974590218654,"120 Months"
"Large_Cap: 90%,  Fixed: 10%",90,1.61183875239921,1.24182114825935,1.29796368394797,1.25182146595131,1.26281449700896,1.26115081009519,1.28942512038685,"120 Months"
"Large_Cap: 91%,  Fixed: 9%",91,1.61922924644549,1.25402990214939,1.29122060300967,1.24501987227533,1.25602131631671,1.25370125154499,1.28149605037653,"120 Months"
"Large_Cap: 92%,  Fixed: 8%",92,1.62657095472058,1.26626800384479,1.28453925218184,1.23827130736868,1.24928434328287,1.24633308388016,1.27366888846412,"120 Months"
"Large_Cap: 93%,  Fixed: 7%",93,1.63386369422134,1.27853461059642,1.27791901813214,1.23157482068624,1.24260273933365,1.23904406679396,1.26594075599487,"120 Months"
"Large_Cap: 94%,  Fixed: 6%",94,1.64110726315335,1.29082890976321,1.2713592411363,1.22492939076518,1.23597560818648,1.23183195256082,1.25830881693548,"120 Months"
"Large_Cap: 95%,  Fixed: 5%",95,1.64830144044607,1.30315011757035,1.26485921938082,1.21833392647421,1.22940199872278,1.22469448408,1.25077027553175,"120 Months"
"Large_Cap: 96%,  Fixed: 4%",96,1.6554459852231,1.31549747792324,1.25841821288516,1.21178726746693,1.22288090733823,1.21762939228173,1.24332237371328,"120 Months"
"Large_Cap: 97%,  Fixed: 3%",97,1.66254063622482,1.32787026127436,1.25203544706941,1.20528818378218,1.21641127977181,1.21063439283322,1.23596238823449,"120 Months"
"Large_Cap: 98%,  Fixed: 2%",98,1.66958511117991,1.34026776354088,1.2457101159913,1.19883537451274,1.20999201240864,1.20370718206027,1.22868762753509,"120 Months"
"Large_Cap: 99%,  Fixed: 1%",99,1.67657910612253,1.35268930507066,1.23944138527431,1.19242746543627,1.20362195304385,1.19684543197297,1.22149542829575,"120 Months"
"Large_Cap: 100%,  Fixed: 0%",100,1.68352229465097,1.36513422965431,1.23322839474715,1.18606300546715,1.19729990108621,1.19004678424853,1.21438315165624,"120 Months"
"Large_Cap: 0%,  Fixed: 100%",0,1.97936272350719,1.85438371607974,1.06739651903958,1.07769602533698,1.04870643614438,1.24579654040088,1.50194618080077,"240 Months"
"Large_Cap: 1%,  Fixed: 99%",1,2.05437263509217,1.85255083908805,1.10894264910078,1.11690642214485,1.08600025808969,1.29134537749597,1.55577880121213,"240 Months"
"Large_Cap: 2%,  Fixed: 98%",2,2.12680951751706,1.85226215640561,1.14822273411028,1.15410955571681,1.12147029092365,1.33421437990963,1.60561848706373,"240 Months"
"Large_Cap: 3%,  Fixed: 97%",3,2.19702034580945,1.85351838955034,1.18532427743673,1.18934825511321,1.15513961337607,1.3744183589408,1.65138087926663,"240 Months"
"Large_Cap: 4%,  Fixed: 96%",4,2.26528104008693,1.8563164020319,1.22030976917911,1.22265200122006,1.18702220767013,1.41196549859286,1.69300943077958,"240 Months"
"Large_Cap: 5%,  Fixed: 95%",5,2.3318154567021,1.86064923835913,1.2532267816144,1.25404327338023,1.21712804782932,1.44686506252264,1.73048404348967,"240 Months"
"Large_Cap: 6%,  Fixed: 94%",6,2.39680825072799,1.86650620991803,1.28411480122171,1.28354201013765,1.24546670481425,1.47913264924445,1.76382570528071,"240 Months"
"Large_Cap: 7%,  Fixed: 93%",7,2.46041388877787,1.87387302526643,1.31300992948978,1.31116874865331,1.27204989064815,1.50879362901214,1.79309778565713,"240 Months"
"Large_Cap: 8%,  Fixed: 92%",8,2.52276314421904,1.88273196118888,1.33994811594211,1.33694679582961,1.29689320887176,1.53588517741541,1.81840459601013,"240 Months"
"Large_Cap: 9%,  Fixed: 91%",9,2.58396789014974,1.89306206983436,1.36496733589715,1.36090366475085,1.3200172910944,1.56045720413451,1.83988781973195,"240 Months"
"Large_Cap: 10%,  Fixed: 90%",10,2.64412470866529,1.90483941646306,1.38810898483765,1.38307194052658,1.34144844857404,1.5825724111945,1.8577214162416,"240 Months"
"Large_Cap: 11%,  Fixed: 89%",11,2.70331765695874,1.91803734178445,1.40941867922327,1.40348969791324,1.36121893742934,1.6023056774634,1.87210557799289,"240 Months"
"Large_Cap: 12%,  Fixed: 88%",12,2.76162042016859,1.93262674258383,1.42894660376914,1.42220056708656,1.37936691725586,1.61974294101666,1.88326026462523,"240 Months"
"Large_Cap: 13%,  Fixed: 87%",13,2.8190980099574,1.94857636430375,1.44674751351851,1.43925352679649,1.39593617044893,1.63497973086277,1.89141875806398,"240 Months"
"Large_Cap: 14%,  Fixed: 86%",14,2.87580812109302,1.9658530994453,1.46288047764326,1.45470249192363,1.41097564046609,1.64811948069299,1.8968215863494,"240 Months"
"Large_Cap: 15%,  Fixed: 85%",15,2.93180222680647,1.98442228605116,1.47740843640721,1.4686057529142,1.4245388399088,1.65927173829684,1.89971106338982,"240 Months"
"Large_Cap: 16%,  Fixed: 84%",16,2.98712647201345,2.00424800108589,1.49039763063006,1.48102531644448,1.43668317275144,1.66855036486229,1.90032659652426,"240 Months"
"Large_Cap: 17%,  Fixed: 83%",17,3.04182240827294,2.02529334419473,1.50191695291548,1.49202618930398,1.44746920885491,1.67607179899473,1.89890083085848,"240 Months"
"Large_Cap: 18%,  Fixed: 82%",18,3.09592760350299,2.04752070805757,1.51203726112251,1.50167564060034,1.45695994291136,1.68195344163865,1.89565663281389,"240 Months"
"Large_Cap: 19%,  Fixed: 81%",19,3.14947615161297,2.07089203231652,1.52083068671133,1.51004247089823,1.46522006417535,1.68631220086899,1.89080486638925,"240 Months"
"Large_Cap: 20%,  Fixed: 80%",20,3.20249910143847,2.09536903880962,1.52836996353531,1.51719631083605,1.47231525782484,1.68926322029324,1.88454288333465,"240 Months"
"Large_Cap: 21%,  Fixed: 79%",21,3.25502482007152,2.12091344655888,1.53472779634298,1.52320696619114,1.47831155366724,1.69091880192611,1.87705363047201,"240 Months"
"Large_Cap: 22%,  Fixed: 78%",22,3.30707930244811,2.14748716561683,1.53997628269793,1.52814382136283,1.48327473326129,1.69138752400908,1.86850527082221,"240 Months"
"Large_Cap: 23%,  Fixed: 77%",23,3.35868643659865,2.17505246945588,1.54418639723154,1.53207530887163,1.48726980243914,1.6907735463065,1.85905121697684,"240 Months"
"Large_Cap: 24%,  Fixed: 76%",24,3.40986823207927,2.20357214608138,1.54742754311133,1.53506844876419,1.49036053272821,1.68917608973411,1.84883048251148,"240 Months"
"Large_Cap: 25%,  Fixed: 75%",25,3.46064501764027,2.23300962845834,1.54976717231152,1.5371884587676,1.4926090723004,1.68668907348878,1.83796826786493,"240 Months"
"Large_Cap: 26%,  Fixed: 74%",26,3.51103561304331,2.2633291051661,1.55127047367052,1.53849843362686,1.49407562479715,1.68340089082401,1.8265767092177,"240 Months"
"Large_Cap: 27%,  Fixed: 73%",27,3.56105747903874,2.29449561243834,1.55200012575071,1.53905909023797,1.49481819265443,1.67939430391739,1.81475573120835,"240 Months"
"Large_Cap: 28%,  Fixed: 72%",28,3.61072684879859,2.32647510891648,1.55201611010583,1.53892857389269,1.49489238032195,1.67474643858187,1.8025939559796,"240 Months"
"Large_Cap: 29%,  Fixed: 71%",29,3.66005884352855,2.35923453455131,1.5513755796325,1.53816232010764,1.49435125197221,1.66952886059434,1.79016963154664,"240 Months"
"Large_Cap: 30%,  Fixed: 70%",30,3.70906757452242,2.3927418551389,1.55013277615236,1.53681296604546,1.49324523785579,1.66380771690592,1.77755155158536,"240 Months"
"Large_Cap: 31%,  Fixed: 69%",31,3.75776623354895,2.42696609398441,1.54833899116395,1.53493030537557,1.49162208331075,1.65764392675978,1.76479994639207,"240 Months"
"Large_Cap: 32%,  Fixed: 68%",32,3.80616717315804,2.46187735215806,1.54604256374575,1.53256128049923,1.48952683451319,1.65109340961756,1.75196733102332,"240 Months"
"Large_Cap: 33%,  Fixed: 67%",33,3.85428197824413,2.49744681875111,1.54328890982012,1.52975000631632,1.48700185530195,1.64420733867064,1.73909930161559,"240 Months"
"Large_Cap: 34%,  Fixed: 66%",34,3.9021215299998,2.53364677246329,1.54012057734711,1.52653782008731,1.48408686977605,1.63703241050523,1.72623527476719,"240 Months"
"Large_Cap: 35%,  Fixed: 65%",35,3.94969606322342,2.57045057576288,1.53657732246075,1.52296335239875,1.48081902580383,1.62961112315033,1.7134091678106,"240 Months"
"Large_Cap: 36%,  Fixed: 64%",36,3.99701521780349,2.60783266276197,1.53269620205241,1.51906261473889,1.47723297506518,1.62198205623275,1.70065001997544,"240 Months"
"Large_Cap: 37%,  Fixed: 63%",37,4.0440880850852,2.64576852184749,1.52851167881508,1.5148690997034,1.47336096574575,1.61418014828217,1.68798255599064,"240 Months"
"Large_Cap: 38%,  Fixed: 62%",38,4.09092324972525,2.6842346740053,1.52405573526884,1.51041389035882,1.46923294449317,1.60623696736948,1.67542769472902,"240 Months"
"Large_Cap: 39%,  Fixed: 61%",39,4.13752882755883,2.72320864767429,1.51935799377415,1.50572577577785,1.46487666471696,1.59818097223084,1.66300300617098,"240 Months"
"Large_Cap: 40%,  Fixed: 60%",40,4.18391249993186,2.7626689508709,1.51444583999575,1.50083137021543,1.46031779875487,1.59003776184078,1.65072312034695,"240 Months"
"Large_Cap: 41%,  Fixed: 59%",41,4.23008154489216,2.8025950412335,1.50934454769833,1.49575523381223,1.45558005183309,1.58183031206525,1.63860009208664,"240 Months"
"Large_Cap: 42%,  Fixed: 58%",42,4.27604286558259,2.84296729455151,1.50407740313353,1.49051999308771,1.45068527611289,1.57357919856654,1.62664372541517,"240 Months"
"Large_Cap: 43%,  Fixed: 57%",43,4.32180301613568,2.88376697226646,1.49866582761332,1.48514645981956,1.44565358344091,1.56530280556355,1.61486186134034,"240 Months"
"Large_Cap: 44%,  Fixed: 56%",44,4.36736822533252,2.92497618836164,1.4931294971597,1.4796537471987,1.44050345570475,1.55701752038818,1.60326063260489,"240 Months"
"Large_Cap: 45%,  Fixed: 55%",45,4.41274441825615,2.96657787599327,1.48748645837543,1.47405938240263,1.43525185194244,1.54873791403756,1.59184468876288,"240 Months"
"Large_Cap: 46%,  Fixed: 54%",46,4.45793723614275,3.00855575415935,1.48175323989912,1.46837941494662,1.42991431156555,1.54047690811471,1.58061739469782,"240 Months"
"Large_Cap: 47%,  Fixed: 53%",47,4.50295205460976,3.05089429465203,1.47594495899221,1.46262852035572,1.42450505323441,1.53224592868946,1.56958100544847,"240 Months"
"Large_Cap: 48%,  Fixed: 52%",48,4.54779400041947,3.09357868949501,1.47007542296002,1.45682009885361,1.41903706907398,1.52405504770716,1.55873681995592,"240 Months"
"Large_Cap: 49%,  Fixed: 51%",49,4.59246796691884,3.13659481902866,1.46415722523607,1.45096636889113,1.41352221404238,1.51591311263341,1.54808531610042,"240 Months"
"Large_Cap: 50%,  Fixed: 50%",50,4.63697862828039,3.17992922077201,1.45820183606308,1.44507845544034,1.40797129036585,1.50782786505621,1.53762626916273,"240 Months"
"Large_Cap: 51%,  Fixed: 49%",51,4.68133045265555,3.22356905916164,1.452219687787,1.43916647306298,1.40239412703484,1.49980604897919,1.52735885562566,"240 Months"
"Large_Cap: 52%,  Fixed: 48%",52,4.72552771433973,3.26750209624283,1.44622025484648,1.43323960382765,1.39679965442103,1.4918535095349,1.51728174402891,"240 Months"
"Large_Cap: 53%,  Fixed: 47%",53,4.76957450503796,3.31171666336671,1.44021212859109,1.42730617020091,1.39119597412508,1.48397528283108,1.5073931744039,"240 Months"
"Large_Cap: 54%,  Fixed: 46%",54,4.81347474431061,3.35620163392972,1.43420308709956,1.42137370307556,1.38559042420295,1.47617567761763,1.49769102764644,"240 Months"
"Large_Cap: 55%,  Fixed: 45%",55,4.85723218927057,3.40094639717635,1.42820016019756,1.4154490051274,1.37998963994689,1.46845834943067,1.48817288603135,"240 Months"
"Large_Cap: 56%,  Fixed: 44%",56,4.90085044359614,3.44594083307352,1.42220968989329,1.40953820971108,1.37439961041639,1.46082636783548,1.4788360859359,"240 Months"
"Large_Cap: 57%,  Fixed: 43%",57,4.94433296591728,3.49117528825502,1.4162373864615,1.40364683551772,1.36882573092736,1.45328227735223,1.46967776371489,"240 Months"
"Large_Cap: 58%,  Fixed: 42%",58,4.98768307762747,3.53664055302543,1.41028838041252,1.3977798372238,1.36327285171478,1.44582815261061,1.46069489556048,"240 Months"
"Large_Cap: 59%,  Fixed: 41%",59,5.0309039701682,3.58232783940664,1.40436727058501,1.39194165236259,1.35774532298686,1.43846564824081,1.4518843320812,"240 Months"
"Large_Cap: 60%,  Fixed: 40%",60,5.07399871182876,3.62822876020437,1.39847816859898,1.38613624464815,1.35224703658759,1.43119604397102,1.44324282824775,"240 Months"
"Large_Cap: 61%,  Fixed: 39%",61,5.11697025409981,3.67433530906787,1.39262473990103,1.38036714397725,1.34678146448136,1.4240202853649,1.43476706927575,"240 Months"
"Large_Cap: 62%,  Fixed: 38%",62,5.15982143761597,3.72063984151301,1.38681024162707,1.37463748332849,1.34135169426724,1.41693902059817,1.4264536929474,"240 Months"
"Large_Cap: 63%,  Fixed: 37%",63,5.2025549977191,3.76713505687645,1.38103755749942,1.3689500327696,1.3359604619235,1.40995263363987,1.4182993088134,"240 Months"
"Large_Cap: 64%,  Fixed: 36%",64,5.24517356967129,3.81381398116681,1.37530922996579,1.36330723077519,1.33061018197458,1.4030612741736,1.41030051466346,"240 Months"
"Large_Cap: 65%,  Fixed: 35%",65,5.28767969354404,3.86066995077821,1.36962748977757,1.35771121304728,1.32530297526362,1.39626488456431,1.40245391060644,"240 Months"
"Large_Cap: 66%,  Fixed: 34%",66,5.33007581880766,3.90769659703035,1.36399428319441,1.3521638390206,1.32004069450405,1.38956322414991,1.39475611106009,"240 Months"
"Large_Cap: 67%,  Fixed: 33%",67,5.37236430864283,3.95488783149987,1.3584112969913,1.34666671622489,1.31482494777439,1.38295589111158,1.38720375491367,"240 Months"
"Large_Cap: 68%,  Fixed: 32%",68,5.41454744399464,4.00223783210734,1.3528799814337,1.3412212226652,1.30965712011014,1.37644234215385,1.37979351409487,"240 Months"
"Large_Cap: 69%,  Fixed: 31%",69,5.45662742738734,4.04974102992516,1.34740157137608,1.33582852737195,1.30453839333743,1.37002191020427,1.37252210074412,"240 Months"
"Large_Cap: 70%,  Fixed: 30%",70,5.49860638651682,4.09739209667194,1.34197710562848,1.33048960926178,1.2994697642836,1.36369382032323,1.36538627317459,"240 Months"
"Large_Cap: 71%,  Fixed: 29%",71,5.54048637763631,4.14518593286024,1.33660744472644,1.32520527444112,1.29445206149062,1.35745720399645,1.35838284077466,"240 Months"
"Large_Cap: 72%,  Fixed: 28%",72,5.58226938874962,4.19311765656506,1.33129328722975,1.31997617207498,1.28948596054877,1.35131111196679,1.35150866798997,"240 Months"
"Large_Cap: 73%,  Fixed: 27%",73,5.6239573426248,4.24118259278179,1.32603518466675,1.3148028089348,1.28457199815949,1.34525452574699,1.34476067750601,"240 Months"
"Large_Cap: 74%,  Fixed: 26%",74,5.66555209964061,4.28937626334358,1.32083355523218,1.30968556273083,1.27971058502843,1.33928636794163,1.3381358527367,"240 Months"
"Large_Cap: 75%,  Fixed: 25%",75,5.70705546047668,4.3376943773689,1.31568869633881,1.30462469432669,1.27490201768249,1.33340551149433,1.33163123971209,"240 Months"
"Large_Cap: 76%,  Fixed: 24%",76,5.74846916865779,4.38613282221168,1.31060079611524,1.2996203589264,1.27014648929708,1.32761078796515,1.32524394844637,"240 Months"
"Large_Cap: 77%,  Fixed: 23%",77,5.7897949129616,4.43468765488731,1.30556994393526,1.29467261631719,1.26544409961397,1.32190099493303,1.31897115385772,"240 Months"
"Large_Cap: 78%,  Fixed: 22%",78,5.83103432969874,4.48335509394912,1.30059614005781,1.28978144024517,1.26079486402323,1.31627490260905,1.31281009630249,"240 Months"
"Large_Cap: 79%,  Fixed: 21%",79,5.87218900487332,4.53213151179129,1.29567930444992,1.28494672699449,1.25619872187754,1.31073125973796,1.30675808177846,"240 Months"
"Large_Cap: 80%,  Fixed: 20%",80,5.91326047623126,4.58101342735493,1.29081928485976,1.28016830323564,1.2516555441015,1.305268798858,1.30081248184541,"240 Months"
"Large_Cap: 81%,  Fixed: 19%",81,5.95425023520365,4.62999749921563,1.2860158642013,1.27544593320268,1.24716514015371,1.29988624098225,1.2949707333048,"240 Months"
"Large_Cap: 82%,  Fixed: 18%",82,5.99515972875126,4.67908051903174,1.28126876730727,1.27077932525496,1.24272726439483,1.29458229975868,1.28923033767547,"240 Months"
"Large_Cap: 83%,  Fixed: 17%",83,6.0359903611166,4.72825940533343,1.27657766710263,1.26616813787401,1.23834162191042,1.28935568516034,1.28358886049743,"240 Months"
"Large_Cap: 84%,  Fixed: 16%",84,6.0767434954887,4.77753119763421,1.27194219024626,1.26161198514243,1.23400787383364,1.28420510675251,1.27804393049197,"240 Months"
"Large_Cap: 85%,  Fixed: 15%",85,6.11742045558606,4.82689305084696,1.26736192228511,1.25711044174773,1.22972564220897,1.27912927657862,1.27259323860237,"240 Months"
"Large_Cap: 86%,  Fixed: 14%",86,6.15802252716254,4.87634222998793,1.26283641236103,1.25266304755051,1.22549451443504,1.27412691170319,1.26723453693688,"240 Months"
"Large_Cap: 87%,  Fixed: 13%",87,6.19855095944055,4.92587610515277,1.25836517750751,1.24826931175313,1.22131404732139,1.26919673644592,1.26196563763234,"240 Months"
"Large_Cap: 88%,  Fixed: 12%",88,6.23900696647595,4.97549214674979,1.2539477065704,1.24392871670234,1.21718377079109,1.26433748433801,1.2567844116548,"240 Months"
"Large_Cap: 89%,  Fixed: 11%",89,6.27939172845832,5.02518792097619,1.24958346378388,1.23964072135615,1.21310319125874,1.2595478998286,1.25168878755113,"240 Months"
"Large_Cap: 90%,  Fixed: 10%",90,6.31970639295052,5.07496108552406,1.24527189203027,1.23540476444293,1.20907179471067,1.25482673976672,1.24667675016384,"240 Months"
"Large_Cap: 91%,  Fixed: 9%",91,6.35995207607067,5.12480938550348,1.24101241581024,1.23122026733867,1.20508904951234,1.25017277468143,1.24174633931966,"240 Months"
"Large_Cap: 92%,  Fixed: 8%",92,6.40012986361984,5.17473064957085,1.23680444394736,1.22708663668572,1.20115440896527,1.24558478988084,1.23689564850099,"240 Months"
"Large_Cap: 93%,  Fixed: 7%",93,6.44024081215858,5.22472278625132,1.23264737204926,1.22300326677461,1.1972673136348,1.24106158638852,1.23212282350802,"240 Months"
"Large_Cap: 94%,  Fixed: 6%",94,6.48028595003485,5.27478378044465,1.22854058474575,1.21896954170904,1.19342719346739,1.23660198173424,1.22742606111835,"240 Months"
"Large_Cap: 95%,  Fixed: 5%",95,6.52026627836606,5.3249116901046,1.22448345772247,1.21498483737196,1.18963346971528,1.23220481061399,1.22280360774967,"240 Months"
"Large_Cap: 96%,  Fixed: 4%",96,6.56018277197765,5.37510464308237,1.22047535956727,1.21104852320943,1.18588555668454,1.22786892543322,1.21825375813058,"240 Months"
"Large_Cap: 97%,  Fixed: 3%",97,6.60003638030061,5.42536083412533,1.21651565344495,1.20715996384779,1.18218286332114,1.22359319674541,1.21377485398364,"240 Months"
"Large_Cap: 98%,  Fixed: 2%",98,6.63982802822978,5.47567852202255,1.21260369861473,1.20331852055793,1.17852479464883,1.2193765135973,1.20936528272405,"240 Months"
"Large_Cap: 99%,  Fixed: 1%",99,6.67955861694547,5.52605602688928,1.20873885180377,1.19952355257954,1.17491075307103,1.21521778379081,1.20502347617694,"240 Months"
"Large_Cap: 100%,  Fixed: 0%",100,6.71922902469971,5.57649172758303,1.20492046844871,1.19577441831735,1.17134013954832,1.21111593407066,1.20074790931571,"240 Months"
"Large_Cap: 0%,  Fixed: 100%",0,4.38227634246182,4.2291455197404,1.03620845440448,1.04264456483473,0.981784584257562,1.13045534585786,1.30536245284601,"360 Months"
"Large_Cap: 1%,  Fixed: 99%",1,4.64723495477432,4.20131273195267,1.1061387835831,1.10897921874157,1.04240780773075,1.20257998985506,1.38708603460108,"360 Months"
"Large_Cap: 2%,  Fixed: 98%",2,4.90060773029635,4.17553844483345,1.17364689489569,1.17345921654906,1.10184458937151,1.27260276730117,1.46678522714083,"360 Months"
"Large_Cap: 3%,  Fixed: 97%",3,5.14485067835103,4.15186099538314,1.2391673719501,1.23636339217713,1.16022740895056,1.34080171563302,1.54451423115031,"360 Months"
"Large_Cap: 4%,  Fixed: 96%",4,5.38167995538447,4.13031644475006,1.30297037221567,1.2978628855459,1.2176294468245,1.40733879864823,1.6202518860222,"360 Months"
"Large_Cap: 5%,  Fixed: 95%",5,5.61234969046321,4.11093832727381,1.36522351922148,1.35805888277936,1.27408351699206,1.47230098755081,1.69392870356845,"360 Months"
"Large_Cap: 6%,  Fixed: 94%",6,5.83780849848209,4.09375740800699,1.42602697635769,1.41700509330075,1.32959403454558,1.53572488978397,1.7654449410446,"360 Months"
"Large_Cap: 7%,  Fixed: 93%",7,6.05879381889364,4.07880145246891,1.48543484881477,1.47472206357286,1.38414506380474,1.5976125802446,1.83468357572326,"360 Months"
"Large_Cap: 8%,  Fixed: 92%",8,6.27589185559644,4.06609501239213,1.54346906220085,1.53120682302521,1.43770603078898,1.65794239590749,1.90152013143206,"360 Months"
"Large_Cap: 9%,  Fixed: 91%",9,6.4895773099317,4.05565923112691,1.60012884221747,1.58643971179427,1.49023597462201,1.71667667697572,1.96583038473616,"360 Months"
"Large_Cap: 10%,  Fixed: 90%",10,6.70024065477883,4.04751167216808,1.65539748800521,1.64038942504626,1.54168684351953,1.77376755780592,2.02749650590521,"360 Months"
"Large_Cap: 11%,  Fixed: 89%",11,6.90820741312388,4.04166617396044,1.70924740336843,1.69301687840103,1.5920061377997,1.82916144690379,2.08641193996573,"360 Months"
"Large_Cap: 12%,  Fixed: 88%",12,7.11375212949621,4.03813273373008,1.7616439573855,1.74427825963954,1.64113908518019,1.88280257810072,2.14248520130937,"360 Months"
"Large_Cap: 13%,  Fixed: 87%",13,7.31710871569422,4.03691742258817,1.81254852396833,1.79412749302024,1.68903046359726,1.93463586693585,2.19564268936347,"360 Months"
"Large_Cap: 14%,  Fixed: 86%",14,7.51847825692687,4.03802233357575,1.861920919657,1.84251825928033,1.73562614384983,1.98460921875872,2.24583060464745,"360 Months"
"Large_Cap: 15%,  Fixed: 85%",15,7.71803499989526,4.04144556368194,1.90972138020431,1.88940566330117,1.78087439768445,2.03267538269167,2.29301603779409,"360 Months"
"Large_Cap: 16%,  Fixed: 84%",16,7.91593101404756,4.0471812301946,1.95591216795274,1.9347476096398,1.82472700036016,2.07879341433633,2.33718730862696,"360 Months"
"Large_Cap: 17%,  Fixed: 83%",17,8.11229986779497,4.055219521057,2.00045887175067,1.97850592634534,1.86714014664539,2.12292979188315,2.37835364152356,"360 Months"
"Large_Cap: 18%,  Fixed: 82%",18,8.307259562143,4.06554677822936,2.04333144231119,2.02064726533792,1.90807519337165,2.16505922019997,2.41654427271128,"360 Months"
"Large_Cap: 19%,  Fixed: 81%",19,8.50091489673919,4.07814561241598,2.08450499434302,2.061143800437,1.94749923866534,2.2051651524492,2.45180709212745,"360 Months"
"Large_Cap: 20%,  Fixed: 80%",20,8.69335939664516,4.09299504693708,2.12396039989119,2.09997374015745,1.98538554683236,2.24324005679412,2.4842069255502,"360 Months"
"Large_Cap: 21%,  Fixed: 79%",21,8.8846768952513,4.11007068802015,2.16168469344042,2.13712167049094,2.02171382790381,2.27928545544169,2.51382356135696,"360 Months"
"Large_Cap: 22%,  Fixed: 78%",22,9.07494284521816,4.12934491837151,2.19767130734069,2.17257874226623,2.05647038157545,2.31331176370838,2.5407496206826,"360 Months"
"Large_Cap: 23%,  Fixed: 77%",23,9.26422541224374,4.15078711057624,2.23192015524921,2.20634271777668,2.08964811632965,2.34533795736429,2.56508836060213,"360 Months"
"Large_Cap: 24%,  Fixed: 76%",24,9.45258639388809,4.17436385666827,2.26443758101925,2.23841789178561,2.12124645565197,2.37539109681272,2.58695148819913,"360 Months"
"Large_Cap: 25%,  Fixed: 75%",25,9.64008199632948,4.20003921011198,2.2952361904432,2.2688149024934,2.15127114425834,2.40350573646538,2.60645705004744,"360 Months"
"Large_Cap: 26%,  Fixed: 74%",26,9.82676349488108,4.22777493643937,2.32433458323048,2.2975504483931,2.17973396800506,2.42972324687673,2.62372744773258,"360 Months"
"Large_Cap: 27%,  Fixed: 73%",27,10.0126777987357,4.25753076888223,2.3517570024196,2.32464692703762,2.20665240158775,2.4540910757969,2.6388876164435,"360 Months"
"Large_Cap: 28%,  Fixed: 72%",28,10.1978679362896,4.28926466551787,2.37753291800154,2.35013201153604,2.23204919821336,2.47666197235181,2.65206339105485,"360 Months"
"Large_Cap: 29%,  Fixed: 71%",29,10.3823734742042,4.32293306469445,2.40169656083676,2.37403818007176,2.25595193515222,2.497493196166,2.66338007296757,"360 Months"
"Large_Cap: 30%,  Fixed: 70%",30,10.5662308808696,4.35849113580423,2.42428642198442,2.39640221291058,2.27839252847171,2.51664573053527,2.67296120155717,"360 Months"
"Large_Cap: 31%,  Fixed: 69%",31,10.7494738429704,4.39589302281423,2.44534473136215,2.41726467028023,2.29940672936533,2.53418351586771,2.68092752649211,"360 Months"
"Large_Cap: 32%,  Fixed: 68%",32,10.9321335422921,4.43509207832901,2.46491692826611,2.43666936321049,2.31903361337688,2.5501727166716,2.68739617139346,"360 Months"
"Large_Cap: 33%,  Fixed: 67%",33,11.1142388986645,4.47604108633666,2.48305113476087,2.45466282798425,2.33731507254368,2.56468103249114,2.69247997517403,"360 Months"
"Large_Cap: 34%,  Fixed: 66%",34,11.2958167839319,4.51869247216251,2.49979764135754,2.47129381332845,2.35429531910589,2.57777706047056,2.69628699472071,"360 Months"
"Large_Cap: 35%,  Fixed: 65%",35,11.4768922110331,4.56299849851713,2.51520841279321,2.48661278792796,2.37002040801212,2.58952971473544,2.69892015113645,"360 Months"
"Large_Cap: 36%,  Fixed: 64%",36,11.6574885016109,4.60891144686555,2.5293366201555,2.50067147432789,2.38453778404657,2.60000770556548,2.70047700129918,"360 Months"
"Large_Cap: 37%,  Fixed: 63%",37,11.8376274350347,4.6563837836581,2.5422362041075,2.51352241384403,2.39789585805351,2.60927907942381,2.70104961679678,"360 Months"
"Large_Cap: 38%,  Fixed: 62%",38,12.0173293812702,4.70536831124484,2.55396147259107,2.52521856576144,2.41014361547653,2.61741081931265,2.70072455315205,"360 Months"
"Large_Cap: 39%,  Fixed: 61%",39,12.1966134196698,4.75581830354223,2.56456673514745,2.53581294289227,2.42133025928752,2.62446850363854,2.69958289348331,"360 Months"
"Large_Cap: 40%,  Fixed: 60%",40,12.3754974454449,4.80768762673228,2.57410597490426,2.54535828449979,2.43150488836934,2.63051602077442,2.69770035220647,"360 Months"
"Large_Cap: 41%,  Fixed: 59%",41,12.5539982653341,4.8609308454502,2.58263255834725,2.55390676668495,2.4407162115463,2.63561533577545,2.69514742595604,"360 Months"
"Large_Cap: 42%,  Fixed: 58%",42,12.7321316837628,4.91550331505848,2.59019898221986,2.56150974957315,2.44901229672751,2.63982630520954,2.6919895804961,"360 Months"
"Large_Cap: 43%,  Fixed: 57%",43,12.9099125806128,4.9713612607152,2.59685665627034,2.56821756002779,2.45644035403754,2.64320653576959,2.68828746394336,"360 Months"
"Large_Cap: 44%,  Fixed: 56%",44,13.0873549815688,5.02846184402506,2.60265572008257,2.5740793081432,2.46304655134673,2.64581128220885,2.68409713808531,"360 Months"
"Large_Cap: 45%,  Fixed: 55%",45,13.2644721218815,5.08676321811613,2.60764489187173,2.57914273542084,2.46887586027039,2.64769338015166,2.67947032092339,"360 Months"
"Large_Cap: 46%,  Fixed: 54%",46,13.4412765042755,5.14622457201681,2.61187134688292,2.58345409229438,2.47397193046752,2.64890320944904,2.67445463478313,"360 Months"
"Large_Cap: 47%,  Fixed: 53%",47,13.6177799516385,5.20680616521945,2.61538062288603,2.58705804252691,2.478376989923,2.64948868394684,2.66909385540942,"360 Months"
"Large_Cap: 48%,  Fixed: 52%",48,13.7939936550496,5.26846935331241,2.61821655019726,2.58999759194148,2.48213176882767,2.64949526378806,2.66342815840365,"360 Months"
"Large_Cap: 49%,  Fixed: 51%",49,13.9699282176349,5.33117660554441,2.62042120366191,2.59231403895064,2.48527544466505,2.64896598666335,2.65749436016782,"360 Months"
"Large_Cap: 50%,  Fixed: 50%",50,14.1455936946784,5.39489151515609,2.62203487409128,2.59404694440781,2.48784560615925,2.64794151473651,2.65132615120814,"360 Months"
"Large_Cap: 51%,  Fixed: 49%",51,14.3209996303684,5.45957880327682,2.6230960567458,2.59523411840091,2.48987823382378,2.64646019429262,2.64495432022767,"360 Months"
"Large_Cap: 52%,  Fixed: 48%",52,14.4961550915131,5.52520431714186,2.62364145458639,2.59591162173651,2.49140769496643,2.64455812547522,2.6384069679167,"360 Months"
"Large_Cap: 53%,  Fixed: 47%",53,14.6710686985211,5.59173502333791,2.62370599416626,2.59611378001106,2.49246675114047,2.64226923978783,2.63170970974151,"360 Months"
"Large_Cap: 54%,  Fixed: 46%",54,14.8457486539103,5.65913899673543,2.62332285219966,2.59587320832706,2.49308657618208,2.63962538332836,2.62488586735007,"360 Months"
"Large_Cap: 55%,  Fixed: 45%",55,15.0202027685784,5.72738540571584,2.62252349101363,2.59522084487933,2.4932967831291,2.63665640399921,2.61795664846573,"360 Months"
"Large_Cap: 56%,  Fixed: 44%",56,15.1944384860431,5.79644449425068,2.62133770126049,2.59418599180605,2.49312545847512,2.63339024118857,2.61094131533882,"360 Months"
"Large_Cap: 57%,  Fixed: 43%",57,15.3684629048381,5.86628756134051,2.61979365043711,2.59279636186468,2.49259920236814,2.62985301664862,2.60385734197809,"360 Months"
"Large_Cap: 58%,  Fixed: 42%",58,15.5422827992313,5.93688693827287,2.61791793591959,2.5910781296535,2.49174317351486,2.62606912550341,2.59672056049891,"360 Months"
"Large_Cap: 59%,  Fixed: 41%",59,15.7159046384135,6.00821596411271,2.61573564137594,2.58905598625169,2.49058113769516,2.6220613265045,2.58954529700747,"360 Months"
"Large_Cap: 60%,  Fixed: 40%",60,15.8893346042921,6.08024895979513,2.61327039556411,2.58675319629297,2.48913551892707,2.61785083081532,2.58234449749812,"360 Months"
"Large_Cap: 61%,  Fixed: 39%",61,16.062578608009,6.15296120114924,2.61054443265607,2.58419165662047,2.48742745244775,2.61345738874901,2.57512984427727,"360 Months"
"Large_Cap: 62%,  Fixed: 38%",62,16.2356423052925,6.2263288911439,2.60757865335149,2.58139195579086,2.4854768387919,2.60889937400851,2.56791186344773,"360 Months"
"Large_Cap: 63%,  Fixed: 37%",63,16.4085311107391,6.30032913161096,2.60439268615535,2.57837343380618,2.4833023983539,2.60419386508527,2.56070002399468,"360 Months"
"Large_Cap: 64%,  Fixed: 36%",64,16.5812502111148,6.37493989466924,2.60100494829451,2.57515424155032,2.48092172591511,2.59935672356461,2.55350282901137,"360 Months"
"Large_Cap: 65%,  Fixed: 35%",65,16.7538045777549,6.45013999404294,2.59743270583708,2.57175139949598,2.47835134470265,2.59440266916352,2.54632789959266,"360 Months"
"Large_Cap: 66%,  Fixed: 34%",66,16.9261989781355,6.52590905644159,2.59369213265821,2.56818085532581,2.47560675962186,2.58934535139217,2.53918205190815,"360 Months"
"Large_Cap: 67%,  Fixed: 33%",67,17.0984379866806,6.60222749314408,2.58979836796537,2.56445754018122,2.47270250937118,2.58419741778488,2.53207136794686,"360 Months"
"Large_Cap: 68%,  Fixed: 32%",68,17.2705259948673,6.67907647190807,2.58576557215753,2.56059542331204,2.4696522172071,2.57897057869087,2.52500126040214,"360 Months"
"Large_Cap: 69%,  Fixed: 31%",69,17.4424672206801,6.75643788930613,2.58160698084526,2.55660756495317,2.46646864017756,2.57367566865219,2.51797653214143,"360 Months"
"Large_Cap: 70%,  Fixed: 30%",70,17.6142657174665,6.83429434357303,2.57733495690466,2.55250616729958,2.46316371668666,2.5683227044248,2.51100143067954,"360 Months"
"Large_Cap: 71%,  Fixed: 29%",71,17.785925382237,6.91262910803294,2.57296104047714,2.54830262348946,2.45974861229126,2.56292093972248,2.5040796980485,"360 Months"
"Large_Cap: 72%,  Fixed: 28%",72,17.9574499634517,6.99142610516205,2.56849599686007,2.54400756453871,2.45623376366266,2.55747891678081,2.49721461643147,"360 Months"
"Large_Cap: 73%,  Fixed: 27%",73,18.1288430683316,7.07066988132989,2.56394986226139,2.53963090419728,2.45262892067396,2.55200451485165,2.49040904990292,"360 Months"
"Large_Cap: 74%,  Fixed: 26%",74,18.3001081697269,7.15034558225245,2.55933198741453,2.53518188172171,2.44894318659639,2.54650499574873,2.48366548259324,"360 Months"
"Large_Cap: 75%,  Fixed: 25%",75,18.4712486125771,7.23043892918098,2.55465107906934,2.53066910257641,2.44518505640776,2.54098704657048,2.47698605357258,"360 Months"
"Large_Cap: 76%,  Fixed: 24%",76,18.642267619989,7.31093619584261,2.54991523939028,2.52610057709302,2.44136245323112,2.53545681973108,2.47037258872649,"360 Months"
"Large_Cap: 77%,  Fixed: 23%",77,18.8131682989606,7.39182418614206,2.54513200330588,2.52148375712895,2.43748276293522,2.52991997043166,2.4638266298752,"360 Months"
"Large_Cap: 78%,  Fixed: 22%",78,18.9839536457751,7.4730902126279,2.54030837386338,2.51682557077647,2.4335528669381,2.52438169170389,2.45734946136847,"360 Months"
"Large_Cap: 79%,  Fixed: 21%",79,19.1546265510884,7.55472207572206,2.53545085565012,2.51213245518169,2.42957917326354,2.51884674715689,2.45094213436964,"360 Months"
"Large_Cap: 80%,  Fixed: 20%",80,19.3251898047281,7.63670804370684,2.53056548634896,2.50741038753807,2.4255676459059,2.51331950155539,2.44460548902506,"360 Months"
"Large_Cap: 81%,  Fixed: 19%",81,19.4956461002271,7.71903683346041,2.52565786649929,2.50266491432366,2.42152383256385,2.50780394935447,2.43834017469947,"360 Months"
"Large_Cap: 82%,  Fixed: 18%",82,19.665998039106,7.80169759192879,2.52073318753746,2.49790117885372,2.41745289080606,2.50230374131127,2.4321466684424,"360 Months"
"Large_Cap: 83%,  Fixed: 17%",83,19.8362481349225,7.88467987831995,2.51579625819244,2.4931239472223,2.4133596127346,2.49682220929047,2.42602529183762,"360 Months"
"Large_Cap: 84%,  Fixed: 16%",84,20.0063988171022,7.96797364700379,2.51085152931263,2.48833763270663,2.40924844821225,2.49136238937492,2.41997622637427,"360 Months"
"Large_Cap: 85%,  Fixed: 15%",85,20.1764524345647,8.05156923110006,2.50590311719993,2.48354631870831,2.40512352672068,2.48592704338791,2.41399952746712,"360 Months"
"Large_Cap: 86%,  Fixed: 14%",86,20.3464112591589,8.13545732673554,2.50095482552585,2.4787537803044,2.4009886779157,2.48051867892872,2.4080951372423,"360 Months"
"Large_Cap: 87%,  Fixed: 13%",87,20.5162774889177,8.21962897795027,2.49601016590336,2.47396350448005,2.39684745094519,2.47513956801744,2.40226289619502,"360 Months"
"Large_Cap: 88%,  Fixed: 12%",88,20.6860532511447,8.30407556223279,2.49107237718616,2.46917870911295,2.3927031325936,2.46979176444043,2.39650255381667,"360 Months"
"Large_Cap: 89%,  Fixed: 11%",89,20.8557406053433,8.38878877666323,2.48614444356519,2.46440236077734,2.38855876431575,2.46447711988224,2.39081377828042,"360 Months"
"Large_Cap: 90%,  Fixed: 10%",90,21.0253415459961,8.47376062464342,2.48122911152931,2.45963719143354,2.38441715822031,2.45919729892522,2.38519616526663,"360 Months"
"Large_Cap: 91%,  Fixed: 9%",91,21.1948580052055,8.55898340319286,2.4763289057552,2.45488571406621,2.38028091206139,2.45395379299327,2.37964924600244,"360 Months"
"Large_Cap: 92%,  Fixed: 8%",92,21.3642918552027,8.64444969078955,2.4714461439883,2.45015023733205,2.37615242329453,2.44874793331113,2.37417249458356,"360 Months"
"Large_Cap: 93%,  Fixed: 7%",93,21.5336449107333,8.73015233573501,2.4665829509744,2.44543287927503,2.37203390225099,2.44358090294679,2.36876533464027,"360 Months"
"Large_Cap: 94%,  Fixed: 6%",94,21.7029189313261,8.81608444502289,2.4617412714982,2.44073558016465,2.36792738448173,2.43845374799986,2.36342714540436,"360 Months"
"Large_Cap: 95%,  Fixed: 5%",95,21.8721156234527,8.90223937369114,2.45692288258296,2.43606011450989,2.36383474232031,2.43336738799499,2.35815726722881,"360 Months"
"Large_Cap: 96%,  Fixed: 4%",96,22.0412366425833,8.98861071463806,2.45212940490224,2.43140810229905,2.35975769571146,2.4283226255355,2.3529550066075,"360 Months"
"Large_Cap: 97%,  Fixed: 3%",97,22.2102835951451,9.07519228888308,2.44736231345228,2.42678101951295,2.35569782234964,2.42332015526867,2.34781964073822,"360 Months"
"Large_Cap: 98%,  Fixed: 2%",98,22.379258040389,9.16197813625347,2.44262294753089,2.42218020795647,2.35165656716975,2.41836057221094,2.34275042166843,"360 Months"
"Large_Cap: 99%,  Fixed: 1%",99,22.5481614921687,9.24896250647918,2.43791252006623,2.417606884451,2.3476352512297,2.41344437947773,2.33774658005977,"360 Months"
"Large_Cap: 100%,  Fixed: 0%",100,22.7169954206382,9.33613985067789,2.43323212633632,2.41306214942788,2.34363508002267,2.4085719954599,2.33280732860437,"360 Months"
